"group"	"DOI"	"Title"	"Year"
"children"	"10.1002/14651858.CD003281.pub5"	"Stimulation of the wrist acupuncture point PC6 for preventing postoperative nausea and vomiting: a network meta‐analysis"	2025
"children_and_adults"	"10.1002/14651858.CD006095.pub5"	"Probiotics for the prevention of Clostridioides difficile‐associated diarrhea in adults and children"	2025
"children"	"10.1002/14651858.CD003429.pub5"	"Clotting factor concentrates for preventing bleeding and bleeding‐related complications in previously untreated or minimally treated children with hemophilia A or B"	2025
"children"	"10.1002/14651858.CD013396.pub2"	"Vitamin D supplementation in pregnant or breastfeeding women or young children for preventing asthma"	2025
"children"	"10.1002/14651858.CD012500.pub2"	"Organised trauma systems and designated trauma centres for improving outcomes in injured patients"	2025
"children"	"10.1002/14651858.CD002112.pub2"	"Desmopressin for nocturnal enuresis in children"	2025
"children"	"10.1002/14651858.CD013757.pub3"	"Palivizumab for preventing severe respiratory syncytial virus (RSV) infection in children"	2025
"children"	"10.1002/14651858.CD001072.pub2"	"Continuous positive airway pressure versus methylxanthine for apnoea in preterm infants"	2025
"children"	"10.1002/14651858.CD004953.pub5"	"Sustained versus standard inflations during neonatal resuscitation to prevent mortality and improve respiratory outcomes"	2025
"children_and_adults"	"10.1002/14651858.CD009235.pub4"	"Automated versus non‐automated weaning for reducing the duration of mechanical ventilation for critically ill adults and children"	2025
"children"	"10.1002/14651858.CD002052.pub4"	"Midazolam for sedation of infants in the neonatal intensive care unit"	2025
"children"	"10.1002/14651858.CD015820.pub2"	"Interventions for improving adherence to amblyopia treatments in children"	2025
"children"	"10.1002/14651858.CD006182.pub3"	"Peritoneal drainage versus laparotomy as initial treatment for surgical necrotising enterocolitis or spontaneous intestinal perforation in preterm very low birth weight infants"	2025
"children"	"10.1002/14651858.CD013278.pub3"	"Early treatment versus expectant management of hemodynamically significant patent ductus arteriosus for preterm infants"	2025
"children"	"10.1002/14651858.CD013355.pub2"	"Pharmacological interventions for the prevention of pain during endotracheal suctioning in ventilated neonates"	2025
"children"	"10.1002/14651858.CD011841.pub3"	"Interventions for central serous chorioretinopathy: a network meta‐analysis"	2025
"children"	"10.1002/14651858.CD006475.pub3"	"Probiotics in infants for prevention of allergic disease"	2025
"children"	"10.1002/14651858.CD013052.pub3"	"Systemic antibiotics for chronic suppurative otitis media"	2025
"children_and_adults"	"10.1002/14651858.CD013051.pub3"	"Topical antibiotics for chronic suppurative otitis media"	2025
"children_and_adults"	"10.1002/14651858.CD013057.pub3"	"Aural toilet (ear cleaning) for chronic suppurative otitis media"	2025
"children_and_adults"	"10.1002/14651858.CD013053.pub3"	"Topical versus systemic antibiotics for chronic suppurative otitis media"	2025
"children_and_adults"	"10.1002/14651858.CD013056.pub3"	"Antibiotics versus topical antiseptics for chronic suppurative otitis media"	2025
"children"	"10.1002/14651858.CD013055.pub3"	"Topical antiseptics for chronic suppurative otitis media"	2025
"children_and_adults"	"10.1002/14651858.CD002243.pub5"	"Corticosteroids for treating sepsis in children and adults"	2025
"children_and_adults"	"10.1002/14651858.CD013078.pub2"	"Exercise for patellar tendinopathy"	2025
"children_and_adults"	"10.1002/14651858.CD015530.pub2"	"Vaccines for preventing infections in adults with haematological malignancies"	2025
"children"	"10.1002/14651858.CD003743.pub3"	"Early discharge with home support of gavage feeding for stable preterm infants who have not established full oral feeds"	2025
"children"	"10.1002/14651858.CD003594.pub7"	"Interventions for idiopathic steroid‐resistant nephrotic syndrome in children"	2025
"children"	"10.1002/14651858.CD012178.pub2"	"Lutein and zeaxanthin for reducing morbidity and mortality in preterm infants"	2025
"children_and_adults"	"10.1002/14651858.CD012997.pub3"	"Interventions for preventing diarrhoea‐associated haemolytic uraemic syndrome"	2025
"children_and_adults"	"10.1002/14651858.CD012635.pub2"	"Blood transfusion strategies for major bleeding in trauma"	2025
"children_and_adults"	"10.1002/14651858.CD015536.pub2"	"Entecavir for children and adults with chronic hepatitis B"	2025
"children_and_adults"	"10.1002/14651858.CD006913.pub3"	"Psychological interventions for treatment of inflammatory bowel disease"	2025
"children_and_adults"	"10.1002/14651858.CD004762.pub3"	"Drug treatment for myotonia"	2025
"children_and_adults"	"10.1002/14651858.CD010533.pub3"	"Positron emission tomography‐adapted therapy for first‐line treatment in adults with Hodgkin lymphoma"	2025
"children_and_adults"	"10.1002/14651858.CD009752.pub3"	"Red blood cell transfusion management for people undergoing cardiac surgery for congenital heart disease"	2025
"children"	"10.1002/14651858.CD015127.pub2"	"Safety and efficacy of proton pump inhibitors in preterm infants with gastroesophageal reflux disease"	2025
"children"	"10.1002/14651858.CD011468.pub2"	"Angioplasty or stenting for deep venous thrombosis"	2025
"children"	"10.1002/14651858.CD014758.pub3"	"Interventions for myopia control in children: a living systematic review and network meta‐analysis"	2025
"children"	"10.1002/14651858.CD008469.pub3"	"Home‐based educational interventions for children with asthma"	2025
"children_and_adults"	"10.1002/14651858.CD009730.pub3"	"Intravenous antibiotics for pulmonary exacerbations in people with cystic fibrosis"	2025
"children"	"10.1002/14651858.CD012170.pub2"	"Interventions implemented through sporting organisations for promoting healthy behaviour or improving health outcomes"	2025
"children"	"10.1002/14651858.CD006982.pub5"	"Cycled light in the intensive care unit for preterm and low birth weight infants"	2024
"children"	"10.1002/14651858.CD007968.pub3"	"Acupuncture for hypoxic ischemic encephalopathy in neonates"	2024
"children"	"10.1002/14651858.CD011677.pub4"	"Strategies for enhancing the implementation of school‐based policies or practices targeting diet, physical activity, obesity, tobacco or alcohol use"	2024
"children"	"10.1002/14651858.CD009362.pub4"	"Dressings and topical agents for preventing pressure ulcers"	2024
"children_and_adults"	"10.1002/14651858.CD007110.pub4"	"Chemotherapy alone versus chemotherapy plus radiotherapy for adults with early‐stage Hodgkin’s lymphoma"	2024
"children"	"10.1002/14651858.CD013707.pub2"	"Inotropes for the prevention of low cardiac output syndrome and mortality for paediatric patients undergoing surgery for congenital heart disease: a network meta‐analysis"	2024
"children"	"10.1002/14651858.CD014803.pub2"	"Omega‐3 fatty acid supplementation for depression in children and adolescents"	2024
"children"	"10.1002/14651858.CD007079.pub4"	"Calcium supplementation (other than for preventing or treating hypertension) for improving pregnancy and infant outcomes"	2024
"children_and_adults"	"10.1002/14651858.CD003218.pub3"	"Psychostimulants for hypersomnia (excessive daytime sleepiness) in myotonic dystrophy"	2024
"children"	"10.1002/14651858.CD002290.pub6"	"Non‐corticosteroid immunosuppressive medications for steroid‐sensitive nephrotic syndrome in children"	2024
"children_and_adults"	"10.1002/14651858.CD010189.pub3"	"Bone marrow versus peripheral blood allogeneic haematopoietic stem cell transplantation for haematological malignancies in adults"	2024
"children_and_adults"	"10.1002/14651858.CD012718.pub2"	"Topical silver diamine fluoride (SDF) for preventing and managing dental caries in children and adults"	2024
"children_and_adults"	"10.1002/14651858.CD009022.pub3"	"Single‐incision versus conventional multi‐incision laparoscopic appendicectomy for suspected uncomplicated appendicitis"	2024
"children"	"10.1002/14651858.CD000143.pub2"	"Nasal continuous positive airway pressure immediately after extubation for preventing morbidity in preterm infants"	2024
"children"	"10.1002/14651858.CD010856.pub3"	"Water fluoridation for the prevention of dental caries"	2024
"children"	"10.1002/14651858.CD010294.pub3"	"Interventions for preventing the progression of autosomal dominant polycystic kidney disease"	2024
"children"	"10.1002/14651858.CD012067.pub3"	"Non‐invasive positive pressure ventilation for acute asthma in children"	2024
"children"	"10.1002/14651858.CD008552.pub8"	"Interventions for increasing fruit and vegetable consumption in children aged five years and under"	2024
"children"	"10.1002/14651858.CD002971.pub6"	"Donor human milk for preventing necrotising enterocolitis in very preterm or very low‐birthweight infants"	2024
"children_and_adults"	"10.1002/14651858.CD009679.pub3"	"Surgical fixation methods for tibial plateau fractures"	2024
"children"	"10.1002/14651858.CD001533.pub7"	"Corticosteroid therapy for nephrotic syndrome in children"	2024
"children"	"10.1002/14651858.CD004736.pub6"	"Daily oral iron supplementation during pregnancy"	2024
"children_and_adults"	"10.1002/14651858.CD015064.pub2"	"Topical anti‐inflammatory treatments for eczema: network meta‐analysis"	2024
"children"	"10.1002/14651858.CD008873.pub5"	"Vitamin D supplementation for women during pregnancy"	2024
"children_and_adults"	"10.1002/14651858.CD013331.pub2"	"Transcutaneous electrical nerve stimulation (TENS) for pain control in women with primary dysmenorrhoea"	2024
"children"	"10.1002/14651858.CD013366.pub2"	"Peripherally inserted central catheter design and material for reducing catheter failure and complications"	2024
"children"	"10.1002/14651858.CD007693.pub3"	"Topical fluoride as a cause of dental fluorosis in children"	2024
"children"	"10.1002/14651858.CD013549.pub2"	"Interventions to increase time spent outdoors for preventing incidence and progression of myopia in children"	2024
"children"	"10.1002/14651858.CD013329.pub2"	"Comprehensive care programmes for children with medical complexity"	2024
"children"	"10.1002/14651858.CD010333.pub4"	"Noise or sound management in the neonatal intensive care unit for preterm or very low birth weight infants"	2024
"children"	"10.1002/14651858.CD011060.pub2"	"Transcutaneous bilirubinometry for detecting jaundice in term or late preterm neonates"	2024
"children_and_adults"	"10.1002/14651858.CD011305.pub3"	"Restrictive versus liberal red blood cell transfusion strategies for people with haematological malignancies treated with intensive chemotherapy or radiotherapy, or both, with or without haematopoietic stem cell support"	2024
"children"	"10.1002/14651858.CD012155.pub3"	"Interventions with pregnant women, new mothers and other primary caregivers for preventing early childhood caries"	2024
"children"	"10.1002/14651858.CD013038.pub3"	"Exposure to the smell and taste of milk to accelerate feeding in preterm infants"	2024
"children_and_adults"	"10.1002/14651858.CD006214.pub5"	"Debridement for surgical wounds"	2024
"children_and_adults"	"10.1002/14651858.CD009530.pub5"	"Bronchoscopy‐guided antimicrobial therapy for cystic fibrosis"	2024
"children"	"10.1002/14651858.CD003774.pub5"	"Antiviral medications for preventing cytomegalovirus disease in solid organ transplant recipients"	2024
"children_and_adults"	"10.1002/14651858.CD011670.pub3"	"Early versus delayed appendicectomy for appendiceal phlegmon or abscess"	2024
"children"	"10.1002/14651858.CD012712.pub2"	"Non‐invasive high‐frequency ventilation in newborn infants with respiratory distress"	2024
"children"	"10.1002/14651858.CD012361.pub2"	"Dexmedetomidine for analgesia and sedation in newborn infants receiving mechanical ventilation"	2024
"children"	"10.1002/14651858.CD003451.pub3"	"Orthodontic treatment for prominent lower front teeth (Class III malocclusion) in children"	2024
"children"	"10.1002/14651858.CD003214.pub4"	"Inhaled bronchodilators for the prevention and treatment of chronic lung disease in preterm infants"	2024
"children"	"10.1002/14651858.CD009609.pub3"	"High‐flow nasal cannula therapy for infants with bronchiolitis"	2024
"children"	"10.1002/14651858.CD007837.pub3"	"Therapeutic exercises for idiopathic scoliosis in adolescents"	2024
"children_and_adults"	"10.1002/14651858.CD002203.pub5"	"Macrolide antibiotics (including azithromycin) for cystic fibrosis"	2024
"children_and_adults"	"10.1002/14651858.CD012609.pub2"	"Infliximab for maintenance of medically‐induced remission in Crohn's disease"	2024
"children"	"10.1002/14651858.CD005495.pub5"	"Early developmental intervention programmes provided post hospital discharge to prevent motor and cognitive impairment in preterm infants"	2024
"children"	"10.1002/14651858.CD003129.pub2"	"Methotrexate for juvenile idiopathic arthritis"	2024
"children"	"10.1002/14651858.CD003962.pub3"	"Non‐immunosuppressive treatment for IgA nephropathy"	2024
"children"	"10.1002/14651858.CD001431.pub6"	"Decision aids for people facing health treatment or screening decisions"	2024
"children"	"10.1002/14651858.CD008771.pub3"	"Early versus late administration of amino acids in preterm infants receiving parenteral nutrition"	2024
"children"	"10.1002/14651858.CD008309.pub3"	"Laryngeal mask airway surfactant administration for prevention of morbidity and mortality in preterm infants with or at risk of respiratory distress syndrome"	2024
"children"	"10.1002/14651858.CD008973.pub3"	"Topical corticosteroids for treating phimosis in boys"	2024
"children"	"10.1002/14651858.CD012265.pub2"	"Probiotics for the postoperative management of term neonates after gastrointestinal surgery"	2024
"children"	"10.1002/14651858.CD013353.pub2"	"Non‐pharmacological interventions for the prevention of pain during endotracheal suctioning in ventilated neonates"	2024
"children"	"10.1002/14651858.CD013420.pub2"	"Psychological interventions for asthma in children and adolescents"	2024
"children"	"10.1002/14651858.CD012445.pub2"	"Mindfulness‐enhanced parenting programmes for improving the psychosocial outcomes of children (0 to 18 years) and their parents"	2024
"children_and_adults"	"10.1002/14651858.CD014573"	"Oral killed cholera vaccines for preventing cholera"	2024
"children_and_adults"	"10.1002/14651858.CD011218.pub2"	"Education, incentive, and engineering‐based interventions to promote the use of seat belts"	2024
"children"	"10.1002/14651858.CD001322.pub2"	"Cranberries for treating urinary tract infections"	2023
"children"	"10.1002/14651858.CD015592.pub3"	"Positioning for lumbar puncture in newborn infants"	2023
"children"	"10.1002/14651858.CD015255.pub2"	"Topical and oral steroids for otitis media with effusion (OME) in children"	2023
"children"	"10.1002/14651858.CD012993.pub2"	"Enzyme replacement therapy for late‐onset Pompe disease"	2023
"children_and_adults"	"10.1002/14651858.CD001909.pub4"	"Lamotrigine add‐on therapy for drug‐resistant focal epilepsy"	2023
"children"	"10.1002/14651858.CD008145.pub4"	"Interventions for improving coverage of childhood immunisation in low‐ and middle‐income countries"	2023
"children"	"10.1002/14651858.CD013294.pub2"	"Automated oxygen delivery for preterm infants with respiratory dysfunction"	2023
"children"	"10.1002/14651858.CD012152.pub4"	"Oral dextrose gel to prevent hypoglycaemia in at‐risk neonates"	2023
"children"	"10.1002/14651858.CD015582.pub2"	"Stem cell‐based interventions for the treatment of stroke in newborn infants"	2023
"children_and_adults"	"10.1002/14651858.CD010966.pub4"	"Corrector therapies (with or without potentiators) for people with cystic fibrosis with class II CFTR gene variants (most commonly F508del)"	2023
"children_and_adults"	"10.1002/14651858.CD004406.pub6"	"Different antibiotic treatments for group A streptococcal pharyngitis"	2023
"children"	"10.1002/14651858.CD015215.pub2"	"Ventilation tubes (grommets) for otitis media with effusion (OME) in children"	2023
"children"	"10.1002/14651858.CD000219.pub5"	"Antibiotics for acute otitis media in children"	2023
"children_and_adults"	"10.1002/14651858.CD001321.pub7"	"Cranberries for preventing urinary tract infections"	2023
"children"	"10.1002/14651858.CD013830.pub2"	"Methylxanthine for the prevention and treatment of apnea in preterm infants"	2023
"children"	"10.1002/14651858.CD013158.pub2"	"Surfactant therapy guided by tests for lung maturity in preterm infants at risk of respiratory distress syndrome"	2023
"children_and_adults"	"10.1002/14651858.CD014967.pub2"	"Anti‐seizure medications for neonates with seizures"	2023
"children"	"10.1002/14651858.CD009417.pub3"	"Immunoglobulin treatment for hospitalised infants and young children with respiratory syncytial virus infection"	2023
"children_and_adults"	"10.1002/14651858.CD009945.pub3"	"Immunomodulatory interventions for focal epilepsy"	2023
"children"	"10.1002/14651858.CD012642.pub2"	"Higher versus lower sodium intake for preterm infants"	2023
"children_and_adults"	"10.1002/14651858.CD011769.pub2"	"Pharmacological intervention for irritability, aggression, and self‐injury in autism spectrum disorder (ASD)"	2023
"children"	"10.1002/14651858.CD013232.pub2"	"Superoxide dismutase for bronchopulmonary dysplasia in preterm infants"	2023
"children_and_adults"	"10.1002/14651858.CD004417.pub6"	"Immediate versus delayed versus no antibiotics for respiratory infections"	2023
"children"	"10.1002/14651858.CD015462.pub2"	"Caffeine versus other methylxanthines for the prevention and treatment of apnea in preterm infants"	2023
"children_and_adults"	"10.1002/14651858.CD004372.pub3"	"Psychological interventions for depression in adolescent and adult congenital heart disease"	2023
"children"	"10.1002/14651858.CD013472.pub2"	"Musical and vocal interventions to improve neurodevelopmental outcomes for preterm infants"	2023
"children"	"10.1002/14651858.CD014806"	"Sucrose analgesia for heel‐lance procedures in neonates"	2023
"children"	"10.1002/14651858.CD010224.pub3"	"Monotherapy treatment of epilepsy in pregnancy: congenital malformation outcomes in the child"	2023
"children"	"10.1002/14651858.CD004950.pub4"	"Breastfeeding or breast milk for procedural pain in neonates"	2023
"children"	"10.1002/14651858.CD010469.pub4"	"Corticosteroid implants for chronic non‐infectious uveitis"	2023
"children_and_adults"	"10.1002/14651858.CD011570.pub2"	"Specific psychological therapies versus other therapies or no treatment for severe and enduring anorexia nervosa"	2023
"children"	"10.1002/14651858.CD008550.pub3"	"Pharmacological treatment of gastro‐oesophageal reflux in children"	2023
"children"	"10.1002/14651858.CD015422.pub2"	"Topical repellents for malaria prevention"	2023
"children_and_adults"	"10.1002/14651858.CD013797.pub2"	"Addition of long‐acting beta2 agonists or long‐acting muscarinic antagonists versus doubling the dose of inhaled corticosteroids (ICS) in adolescents and adults with uncontrolled asthma with medium dose ICS: a systematic review and network meta‐analysis"	2023
"children"	"10.1002/14651858.CD011534.pub3"	"Paracetamol (acetaminophen) or non‐steroidal anti‐inflammatory drugs, alone or combined, for pain relief in acute otitis media in children"	2023
"children"	"10.1002/14651858.CD002292.pub4"	"Interventions for bullous pemphigoid"	2023
"children"	"10.1002/14651858.CD011010.pub2"	"High flow nasal cannula for respiratory support in term infants"	2023
"children_and_adults"	"10.1002/14651858.CD012380.pub3"	"Interventions for chronic kidney disease in people with sickle cell disease"	2023
"children"	"10.1002/14651858.CD014890.pub2"	"Vocabulary interventions for second language (L2) learners up to six years of age"	2023
"children"	"10.1002/14651858.CD007315.pub3"	"Perioperative glycaemic control for people with diabetes undergoing surgery"	2023
"children"	"10.1002/14651858.CD003212.pub4"	"Nasal intermittent positive pressure ventilation (NIPPV) versus nasal continuous positive airway pressure (NCPAP) for preterm neonates after extubation"	2023
"children"	"10.1002/14651858.CD005496.pub6"	"Probiotics to prevent necrotising enterocolitis in very preterm or very low birth weight infants"	2023
"children_and_adults"	"10.1002/14651858.CD004065.pub4"	"Medical treatment of eosinophilic esophagitis"	2023
"children"	"10.1002/14651858.CD005384.pub3"	"Early nasal intermittent positive pressure ventilation (NIPPV) versus early nasal continuous positive airway pressure (NCPAP) for preterm infants"	2023
"children"	"10.1002/14651858.CD013660.pub2"	"Continuous positive airway pressure (CPAP) for apnoea of prematurity"	2023
"children_and_adults"	"10.1002/14651858.CD013611.pub2"	"Vedolizumab for induction and maintenance of remission in Crohn's disease"	2023
"children"	"10.1002/14651858.CD011159.pub3"	"Mobile phone‐based interventions for improving contraception use"	2023
"children_and_adults"	"10.1002/14651858.CD011272.pub3"	"Rapamycin and rapalogs for tuberous sclerosis complex"	2023
"children"	"10.1002/14651858.CD012940.pub3"	"Re‐feeding versus discarding gastric residuals to improve growth in preterm infants"	2023
"children"	"10.1002/14651858.CD012458.pub2"	"Infant isolation and cohorting for preventing or reducing transmission of healthcare‐associated infections in neonatal units"	2023
"children"	"10.1002/14651858.CD006586.pub5"	"Oral contraceptives containing drospirenone for premenstrual syndrome"	2023
"children"	"10.1002/14651858.CD015056.pub3"	"Opioids for procedural pain in neonates"	2023
"children"	"10.1002/14651858.CD010887.pub3"	"Non‐surgical adjunctive interventions for accelerating tooth movement in patients undergoing orthodontic treatment"	2023
"children"	"10.1002/14651858.CD004205.pub4"	"Pentoxifylline for treatment of sepsis and necrotising enterocolitis in neonates"	2023
"children"	"10.1002/14651858.CD009720.pub3"	"Oral stimulation for promoting oral feeding in preterm infants"	2023
"children"	"10.1002/14651858.CD012937.pub3"	"Routine monitoring of gastric residual for prevention of necrotising enterocolitis in preterm infants"	2023
"children_and_adults"	"10.1002/14651858.CD001506.pub5"	"Nebulised hypertonic saline for cystic fibrosis"	2023
"children"	"10.1002/14651858.CD006275.pub4"	"Non‐pharmacological management of infant and young child procedural pain"	2023
"children"	"10.1002/14651858.CD013653.pub2"	"Antivirals for prevention of hepatitis B virus mother‐to‐child transmission in human immunodeficiency virus positive pregnant women co‐infected with hepatitis B virus"	2023
"children"	"10.1002/14651858.CD005549.pub4"	"Interventions for waterpipe smoking cessation"	2023
"children"	"10.1002/14651858.CD013326.pub4"	"Hand hygiene for the prevention of infections in neonates"	2023
"children_and_adults"	"10.1002/14651858.CD009688.pub3"	"Interventions for the symptoms and signs resulting from jellyfish stings"	2023
"children"	"10.1002/14651858.CD013361.pub2"	"Comparative effectiveness of psychological interventions for treating the psychological consequences of sexual abuse in children and adolescents: a network meta‐analysis"	2023
"children_and_adults"	"10.1002/14651858.CD011203.pub3"	"Alemtuzumab for multiple sclerosis"	2023
"children"	"10.1002/14651858.CD004197.pub6"	"Antibiotic strategies for eradicating Pseudomonas aeruginosa in people with cystic fibrosis"	2023
"children"	"10.1002/14651858.CD013851.pub2"	"Acetylcholinesterase inhibitors for autistic spectrum disorders"	2023
"children"	"10.1002/14651858.CD015133.pub2"	"Prebiotics to prevent necrotising enterocolitis in very preterm or very low birth weight infants"	2023
"children"	"10.1002/14651858.CD013881.pub2"	"Interleukin‐6 blocking agents for treating COVID‐19: a living systematic review"	2023
"children"	"10.1002/14651858.CD014570.pub2"	"PEG‐asparaginase treatment regimens for acute lymphoblastic leukaemia in children: a network meta‐analysis"	2023
"children"	"10.1002/14651858.CD012218.pub2"	"Lactoferrin for the postoperative management of term neonates after gastrointestinal surgery"	2023
"children_and_adults"	"10.1002/14651858.CD002283.pub5"	"Retention procedures for stabilising tooth position after treatment with orthodontic braces"	2023
"children"	"10.1002/14651858.CD009975.pub4"	"Videolaryngoscopy versus direct laryngoscopy for tracheal intubation in neonates"	2023
"children_and_adults"	"10.1002/14651858.CD010429.pub3"	"Treatment for osteoporosis in people with beta‐thalassaemia"	2023
"children"	"10.1002/14651858.CD002011.pub3"	"Conventional chest physiotherapy compared to other airway clearance techniques for cystic fibrosis"	2023
"children"	"10.1002/14651858.CD006405.pub4"	"Nasal high flow therapy for primary respiratory support in preterm infants"	2023
"children"	"10.1002/14651858.CD013841.pub2"	"Antiseptic solutions for skin preparation during central catheter insertion in neonates"	2023
"children"	"10.1002/14651858.CD012746.pub2"	"Personalised interventions for subgroups of children with conduct problems"	2023
"children_and_adults"	"10.1002/14651858.CD012774.pub3"	"Fecal transplantation for treatment of inflammatory bowel disease"	2023
"children"	"10.1002/14651858.CD007986.pub3"	"Polyunsaturated fatty acids (PUFA) for attention deficit hyperactivity disorder (ADHD) in children and adolescents"	2023
"children"	"10.1002/14651858.CD010961.pub2"	"Perampanel add‐on for drug‐resistant focal epilepsy"	2023
"children_and_adults"	"10.1002/14651858.CD001401.pub4"	"Airway clearance techniques compared to no airway clearance techniques for cystic fibrosis"	2023
"children"	"10.1002/14651858.CD015016.pub3"	"Systemic opioid regimens for postoperative pain in neonates"	2023
"children"	"10.1002/14651858.CD015179.pub2"	"Non‐opioid analgesics for procedural pain in neonates"	2023
"children"	"10.1002/14651858.CD006458.pub5"	"Nebulised hypertonic saline solution for acute bronchiolitis in infants"	2023
"children"	"10.1002/14651858.CD004873.pub6"	"Chest physiotherapy for acute bronchiolitis in paediatric patients between 0 and 24 months old"	2023
"children"	"10.1002/14651858.CD015130"	"Bubble devices versus other pressure sources for nasal continuous positive airway pressure in preterm infants"	2023
"children_and_adults"	"10.1002/14651858.CD011006.pub4"	"Antidepressants for the treatment of depression in people with cancer"	2023
"children"	"10.1002/14651858.CD009384.pub3"	"Zinc supplementation for preventing mortality, morbidity, and growth failure in children aged 6 months to 12 years"	2023
"children"	"10.1002/14651858.CD009885.pub3"	"Methylphenidate for children and adolescents with attention deficit hyperactivity disorder (ADHD)"	2023
"children"	"10.1002/14651858.CD001691.pub4"	"Postnatal phenobarbital for the prevention of intraventricular haemorrhage in preterm infants"	2023
"children_and_adults"	"10.1002/14651858.CD006499.pub5"	"Botulinum toxin for the treatment of strabismus"	2023
"children"	"10.1002/14651858.CD010941.pub3"	"Systemic corticosteroid regimens for prevention of bronchopulmonary dysplasia in preterm infants"	2023
"children"	"10.1002/14651858.CD005431.pub5"	"Medical interventions for traumatic hyphema"	2023
"children"	"10.1002/14651858.CD012349.pub3"	"Interventions for improving adherence to iron chelation therapy in people with sickle cell disease or thalassaemia"	2023
"children_and_adults"	"10.1002/14651858.CD012040.pub3"	"Ataluren and similar compounds (specific therapies for premature termination codon class I mutations) for cystic fibrosis"	2023
"children_and_adults"	"10.1002/14651858.CD011364.pub3"	"Ultrasound‐guided arterial cannulation in the paediatric population"	2023
"children"	"10.1002/14651858.CD014876.pub2"	"Systemic opioids versus other analgesics and sedatives for postoperative pain in neonates"	2023
"children_and_adults"	"10.1002/14651858.CD005128.pub4"	"Interventions for preventing and treating kidney disease in IgA vasculitis"	2023
"children_and_adults"	"10.1002/14651858.CD012478.pub2"	"Catheter insertion techniques for improving catheter function and clinical outcomes in peritoneal dialysis patients"	2023
"children"	"10.1002/14651858.CD012849.pub2"	"Probiotics for management of functional abdominal pain disorders in children"	2023
"children"	"10.1002/14651858.CD013201.pub3"	"Stem cell‐based interventions for the prevention and treatment of intraventricular haemorrhage and encephalopathy of prematurity in preterm infants"	2023
"children"	"10.1002/14651858.CD013813.pub2"	"Antibiotics for chronic pulmonary infection in children with a neurodisability (neurodevelopmental disorder)"	2023
"children"	"10.1002/14651858.CD011538.pub2"	"Education support services for improving school engagement and academic performance of children and adolescents with a chronic health condition"	2023
"children_and_adults"	"10.1002/14651858.CD003406.pub5"	"Behavioural and cognitive‐behavioural interventions for outwardly directed aggressive behaviour in people with intellectual disabilities"	2023
"children_and_adults"	"10.1002/14651858.CD011511.pub3"	"Vitamin D for the management of asthma"	2023
"children_and_adults"	"10.1002/14651858.CD007862.pub5"	"Active cycle of breathing technique for cystic fibrosis"	2023
"children"	"10.1002/14651858.CD012969.pub3"	"Treatment of dental and orthodontic complications in thalassaemia"	2023
"children"	"10.1002/14651858.CD006207.pub6"	"Physical interventions to interrupt or reduce the spread of respiratory viruses"	2023
"children_and_adults"	"10.1002/14651858.CD008106.pub4"	"Surgical versus non‐surgical interventions for treating patellar dislocation"	2023
"children"	"10.1002/14651858.CD004917.pub4"	"Interventions for infantile esotropia"	2023
"children"	"10.1002/14651858.CD011597.pub3"	"Vitamin D as an adjunct to antibiotics for the treatment of acute childhood pneumonia"	2023
"children_and_adults"	"10.1002/14651858.CD002010.pub5"	"Bisphosphonates for osteoporosis in people with cystic fibrosis"	2023
"children"	"10.1002/14651858.CD001955.pub5"	"Glucocorticoids for croup in children"	2023
"children"	"10.1002/14651858.CD002311.pub5"	"Late (≥ 7 days) inhaled corticosteroids to reduce bronchopulmonary dysplasia in preterm infants"	2022
"children"	"10.1002/14651858.CD010061.pub5"	"Paracetamol (acetaminophen) for patent ductus arteriosus in preterm or low birth weight infants"	2022
"children"	"10.1002/14651858.CD002190.pub6"	"Vaccines for the common cold"	2022
"children"	"10.1002/14651858.CD005974.pub6"	"Homeopathic medicinal products for preventing and treating acute respiratory tract infections in children"	2022
"children"	"10.1002/14651858.CD009650.pub5"	"Interventions for the eradication of meticillin‐resistant Staphylococcus aureus (MRSA) in people with cystic fibrosis"	2022
"children"	"10.1002/14651858.CD012463.pub2"	"Family‐centred interventions for Indigenous early childhood well‐being by primary healthcare services"	2022
"children_and_adults"	"10.1002/14651858.CD010790.pub3"	"Laser therapy for retinopathy in sickle cell disease"	2022
"children_and_adults"	"10.1002/14651858.CD013434.pub2"	"Ultrasound guidance versus landmark method for peripheral venous cannulation in adults"	2022
"children"	"10.1002/14651858.CD012574.pub2"	"Bioengineered nerve conduits and wraps for peripheral nerve repair of the upper limb"	2022
"children"	"10.1002/14651858.CD015477"	"Efficacy and safety of COVID‐19 vaccines"	2022
"children_and_adults"	"10.1002/14651858.CD013799.pub2"	"Effectiveness and tolerability of dual and triple combination inhaler therapies compared with each other and varying doses of inhaled corticosteroids in adolescents and adults with asthma: a systematic review and network meta‐analysis"	2022
"children"	"10.1002/14651858.CD010612.pub3"	"Timing of kidney replacement therapy initiation for acute kidney injury"	2022
"children"	"10.1002/14651858.CD013534.pub3"	"Skin care interventions in infants for preventing eczema and food allergy"	2022
"children"	"10.1002/14651858.CD015129"	"Masks versus prongs as interfaces for nasal continuous positive airway pressure in preterm infants"	2022
"children_and_adults"	"10.1002/14651858.CD001021.pub4"	"Inhaled anti‐pseudomonal antibiotics for long‐term therapy in cystic fibrosis"	2022
"children"	"10.1002/14651858.CD013521.pub2"	"Statins for Smith‐Lemli‐Opitz syndrome"	2022
"children_and_adults"	"10.1002/14651858.CD008923.pub3"	"Mosquito aquatic habitat modification and manipulation interventions to control malaria"	2022
"children"	"10.1002/14651858.CD015023.pub2"	"Pharmacological interventions for pain and sedation management in newborn infants undergoing therapeutic hypothermia"	2022
"children"	"10.1002/14651858.CD001141.pub6"	"Support for healthy breastfeeding mothers with healthy term babies"	2022
"children_and_adults"	"10.1002/14651858.CD015070.pub2"	"Topical corticosteroids for dry eye"	2022
"children"	"10.1002/14651858.CD010130.pub3"	"Biomarkers as point‐of‐care tests to guide prescription of antibiotics in people with acute respiratory infections in primary care"	2022
"children"	"10.1002/14651858.CD013818.pub2"	"Tumor necrosis factor (TNF) inhibitors for juvenile idiopathic arthritis‐associated uveitis"	2022
"children"	"10.1002/14651858.CD012717.pub2"	"Splinting for the non‐operative management of developmental dysplasia of the hip (DDH) in children under six months of age"	2022
"children_and_adults"	"10.1002/14651858.CD013398.pub4"	"House modifications for preventing malaria"	2022
"children_and_adults"	"10.1002/14651858.CD014638.pub2"	"Dexrazoxane for preventing or reducing cardiotoxicity in adults and children with cancer receiving anthracyclines"	2022
"children"	"10.1002/14651858.CD009759.pub4"	"Extracorporeal photopheresis versus standard treatment for acute graft‐versus‐host disease after haematopoietic stem cell transplantation in children and adolescents"	2022
"children_and_adults"	"10.1002/14651858.CD007524.pub5"	"Increased versus stable doses of inhaled corticosteroids for exacerbations of chronic asthma in adults and children"	2022
"children_and_adults"	"10.1002/14651858.CD011642.pub2"	"Laser therapy for treating hypertrophic and keloid scars"	2022
"children_and_adults"	"10.1002/14651858.CD008190.pub3"	"Appetite stimulants for people with cystic fibrosis"	2022
"children_and_adults"	"10.1002/14651858.CD014804.pub2"	"Synbiotics, prebiotics and probiotics for solid organ transplant recipients"	2022
"children_and_adults"	"10.1002/14651858.CD006332.pub4"	"Mu‐opioid antagonists for opioid‐induced bowel dysfunction in people with cancer and people receiving palliative care"	2022
"children"	"10.1002/14651858.CD003171.pub3"	"Surgical interventions for bilateral congenital cataract in children aged two years and under"	2022
"children"	"10.1002/14651858.CD015391"	"Fluvoxamine for the treatment of COVID‐19"	2022
"children_and_adults"	"10.1002/14651858.CD003861.pub4"	"Water for wound cleansing"	2022
"children_and_adults"	"10.1002/14651858.CD012854.pub2"	"Interventions for increasing immunosuppressant medication adherence in solid organ transplant recipients"	2022
"children_and_adults"	"10.1002/14651858.CD011740.pub2"	"Surgery for the treatment of obesity in children and adolescents"	2022
"children"	"10.1002/14651858.CD009527.pub3"	"Adding rapid diagnostic tests to community‐based programmes for treating malaria"	2022
"children"	"10.1002/14651858.CD009887.pub6"	"Stiripentol add‐on therapy for drug‐resistant focal epilepsy"	2022
"children"	"10.1002/14651858.CD002204.pub5"	"Antifungal therapies for allergic bronchopulmonary aspergillosis in people with cystic fibrosis"	2022
"children_and_adults"	"10.1002/14651858.CD002202.pub3"	"Hydroxyurea (hydroxycarbamide) for sickle cell disease"	2022
"children"	"10.1002/14651858.CD009379.pub3"	"Amniotic membrane transplantation for acute ocular burns"	2022
"children_and_adults"	"10.1002/14651858.CD013608.pub2"	"D‐mannose for preventing and treating urinary tract infections"	2022
"children_and_adults"	"10.1002/14651858.CD013845.pub2"	"Memantine for autism spectrum disorder"	2022
"children_and_adults"	"10.1002/14651858.CD006895.pub4"	"Probiotics for preventing acute upper respiratory tract infections"	2022
"children_and_adults"	"10.1002/14651858.CD013515.pub2"	"Psychological therapies for temporomandibular disorders (TMDs)"	2022
"children_and_adults"	"10.1002/14651858.CD015207"	"Replacing salt with low‐sodium salt substitutes (LSSS) for cardiovascular health in adults, children and pregnant women"	2022
"children_and_adults"	"10.1002/14651858.CD002768.pub5"	"Physical activity and exercise training in cystic fibrosis"	2022
"children"	"10.1002/14651858.CD008295.pub6"	"Felbamate add‐on therapy for drug‐resistant focal epilepsy"	2022
"children"	"10.1002/14651858.CD008319.pub4"	"Inhaled antibiotics for pulmonary exacerbations in cystic fibrosis"	2022
"children"	"10.1002/14651858.CD012595.pub4"	"School dental screening programmes for oral health"	2022
"children_and_adults"	"10.1002/14651858.CD002896.pub3"	"Vagus nerve stimulation for focal seizures"	2022
"children_and_adults"	"10.1002/14651858.CD013136.pub2"	"Stimulant and non‐stimulant drug therapy for people with attention deficit hyperactivity disorder and epilepsy"	2022
"children"	"10.1002/14651858.CD012432.pub3"	"Interventions for managing medication‐related osteonecrosis of the jaw"	2022
"children_and_adults"	"10.1002/14651858.CD010834.pub4"	"Anti‐IL‐5 therapies for asthma"	2022
"children_and_adults"	"10.1002/14651858.CD011808.pub3"	"Inhaled nitric oxide for treating pain crises in people with sickle cell disease"	2022
"children"	"10.1002/14651858.CD011775.pub2"	"Child protection training for professionals to improve reporting of child abuse and neglect"	2022
"children_and_adults"	"10.1002/14651858.CD013666.pub2"	"Short‐acting inhaled bronchodilators for cystic fibrosis"	2022
"children_and_adults"	"10.1002/14651858.CD013285.pub2"	"Exercise versus airway clearance techniques for people with cystic fibrosis"	2022
"children"	"10.1002/14651858.CD012199.pub2"	"Interventions to improve water, sanitation, and hygiene for preventing soil‐transmitted helminth infection"	2022
"children"	"10.1002/14651858.CD006404.pub4"	"Pyronaridine‐artesunate for treating uncomplicated   Plasmodium falciparum malaria"	2022
"children"	"10.1002/14651858.CD012908.pub2"	"Non‐pharmacological interventions for sleep promotion in hospitalized children"	2022
"children_and_adults"	"10.1002/14651858.CD013030.pub2"	"Digital interventions to improve adherence to maintenance medication in asthma"	2022
"children"	"10.1002/14651858.CD009898.pub4"	"Extracorporeal photopheresis versus alternative treatment for chronic graft‐versus‐host disease after haematopoietic stem cell transplantation in children and adolescents"	2022
"children"	"10.1002/14651858.CD013609.pub2"	"Interventions for treating supracondylar elbow fractures in children"	2022
"children_and_adults"	"10.1002/14651858.CD003645.pub4"	"Positioning for acute respiratory distress in hospitalised infants and children"	2022
"children_and_adults"	"10.1002/14651858.CD014617.pub2"	"Antibiotic prophylaxis for corneal abrasion"	2022
"children"	"10.1002/14651858.CD013743.pub2"	"Antibiotics for the induction and maintenance of remission in ulcerative colitis"	2022
"children"	"10.1002/14651858.CD011068.pub2"	"Perioperative pharmacological interventions for fetal immobilisation during fetal surgery and invasive procedures"	2022
"children"	"10.1002/14651858.CD004381.pub4"	"Music therapy for autistic people"	2022
"children"	"10.1002/14651858.CD013657.pub2"	"Community‐based interventions for improving mental health in refugee children and adolescents in high‐income countries"	2022
"children_and_adults"	"10.1002/14651858.CD006245.pub5"	"Care delivery and self‐management strategies for children with epilepsy"	2022
"children"	"10.1002/14651858.CD009261.pub7"	"Negative pressure wound therapy for surgical wounds healing by primary closure"	2022
"children"	"10.1002/14651858.CD013714.pub2"	"Probiotics for the prevention of Hirschsprung‐associated enterocolitis"	2022
"children"	"10.1002/14651858.CD013463.pub2"	"Fortification of salt with iron and iodine versus fortification of salt with iodine alone for improving iron and iodine status"	2022
"children"	"10.1002/14651858.CD010473.pub4"	"Continuous positive airway pressure (CPAP) for acute bronchiolitis in children"	2022
"children_and_adults"	"10.1002/14651858.CD011412.pub4"	"Antiepileptic drug monotherapy for epilepsy: a network meta‐analysis of individual participant data"	2022
"children"	"10.1002/14651858.CD013846.pub2"	"Prophylactic cyclo‐oxygenase inhibitor drugs for the prevention of morbidity and mortality in preterm infants: a network meta‐analysis"	2022
"children"	"10.1002/14651858.CD014257.pub2"	"Probiotics for treatment of chronic constipation in children"	2022
"children"	"10.1002/14651858.CD005612.pub5"	"Pregabalin add‐on for drug‐resistant focal epilepsy"	2022
"children_and_adults"	"10.1002/14651858.CD011135.pub3"	"Unconditional cash transfers for reducing poverty and vulnerabilities: effect on use of health services and health outcomes in low‐ and middle‐income countries"	2022
"children_and_adults"	"10.1002/14651858.CD010893.pub4"	"Interventions for reducing inflammation in familial Mediterranean fever"	2022
"children"	"10.1002/14651858.CD011027.pub3"	"Oral dextrose gel for the treatment of hypoglycaemia in newborn infants"	2022
"children"	"10.1002/14651858.CD008524.pub4"	"Vitamin A supplementation for preventing morbidity and mortality in children from six months to five years of age"	2022
"children_and_adults"	"10.1002/14651858.CD009569.pub4"	"Gases for establishing pneumoperitoneum during laparoscopic abdominal surgery"	2022
"children_and_adults"	"10.1002/14651858.CD011501.pub3"	"Brivaracetam add‐on therapy for drug‐resistant epilepsy"	2022
"children_and_adults"	"10.1002/14651858.CD013356.pub2"	"Strategies for using topical corticosteroids in children and adults with eczema"	2022
"children_and_adults"	"10.1002/14651858.CD013130.pub2"	"Systemic interventions for treatment of Stevens‐Johnson syndrome (SJS), toxic epidermal necrolysis (TEN), and SJS/TEN overlap syndrome"	2022
"children"	"10.1002/14651858.CD011997.pub2"	"Periodic change of body position under phototherapy in term and preterm neonates with hyperbilirubinaemia"	2022
"children"	"10.1002/14651858.CD014067.pub2"	"Synbiotics to prevent necrotising enterocolitis in very preterm or very low birth weight infants"	2022
"children_and_adults"	"10.1002/14651858.CD012857.pub2"	"Extended‐release methylphenidate for attention deficit hyperactivity disorder (ADHD) in adults"	2022
"children"	"10.1002/14651858.CD013028.pub3"	"Clonazepam monotherapy for treating people with newly diagnosed epilepsy"	2022
"children"	"10.1002/14651858.CD012981.pub2"	"Sealants for preventing dental caries in primary teeth"	2022
"children"	"10.1002/14651858.CD011347.pub3"	"Binocular versus standard occlusion or blurring treatment for unilateral amblyopia in children aged three to eight years"	2022
"children_and_adults"	"10.1002/14651858.CD005398.pub4"	"Antiepileptic drugs for the primary and secondary prevention of seizures after stroke"	2022
"children_and_adults"	"10.1002/14651858.CD013334.pub2"	"Low‐carbohydrate versus balanced‐carbohydrate diets for reducing weight and cardiovascular risk"	2022
"children"	"10.1002/14651858.CD006311.pub4"	"Foot orthoses for treating paediatric flat feet"	2022
"children"	"10.1002/14651858.CD013736.pub2"	"Cuffed versus uncuffed endotracheal tubes for neonates"	2022
"children_and_adults"	"10.1002/14651858.CD004976.pub4"	"Oral antihistamine‐decongestant‐analgesic combinations for the common cold"	2022
"children"	"10.1002/14651858.CD001970.pub6"	"Delayed introduction of progressive enteral feeds to prevent necrotising enterocolitis in very low birth weight infants"	2022
"children_and_adults"	"10.1002/14651858.CD012688.pub3"	"Indoor residual spraying for preventing malaria in communities using insecticide‐treated nets"	2022
"children_and_adults"	"10.1002/14651858.CD005003.pub4"	"Rapid versus slow withdrawal of antiepileptic drugs"	2022
"children_and_adults"	"10.1002/14651858.CD013254.pub2"	"Intermittent prophylactic antibiotics for bronchiectasis"	2022
"children"	"10.1002/14651858.CD003453.pub2"	"Orthodontic treatment for crowded teeth in children"	2021
"children"	"10.1002/14651858.CD012851.pub2"	"Interventions for promoting the eruption of palatally displaced permanent canine teeth, without the need for surgical exposure, in children aged 9 to 14 years"	2021
"children"	"10.1002/14651858.CD000979.pub3"	"Orthodontic treatment for posterior crossbites"	2021
"children"	"10.1002/14651858.CD012619.pub3"	"Interventions for preventing distal intestinal obstruction syndrome (DIOS) in cystic fibrosis"	2021
"children"	"10.1002/14651858.CD006614.pub4"	"Antenatal corticosteroids prior to planned caesarean at term for improving neonatal outcomes"	2021
"children_and_adults"	"10.1002/14651858.CD012798.pub3"	"Interventions for treating distal intestinal obstruction syndrome (DIOS) in cystic fibrosis"	2021
"children"	"10.1002/14651858.CD002042.pub5"	"Transfusion thresholds for guiding red blood cell transfusion"	2021
"children"	"10.1002/14651858.CD013309.pub3"	"Continuous glucose monitoring for the prevention of morbidity and mortality in preterm infants"	2021
"children"	"10.1002/14651858.CD009191.pub4"	"Angiotensin‐converting enzyme (ACE) inhibitors for proteinuria and microalbuminuria in people with sickle cell disease"	2021
"children"	"10.1002/14651858.CD010618.pub2"	"Peer support interventions for parents and carers of children with complex needs"	2021
"children"	"10.1002/14651858.CD012912.pub2"	"Nifedipine for primary dysmenorrhoea"	2021
"children_and_adults"	"10.1002/14651858.CD009595.pub3"	"Autogenic drainage for airway clearance in cystic fibrosis"	2021
"children_and_adults"	"10.1002/14651858.CD012219.pub2"	"Humidification of indoor air for preventing or reducing dryness symptoms or upper respiratory infections in educational settings and at the workplace"	2021
"children_and_adults"	"10.1002/14651858.CD013079.pub3"	"Antibiotic therapy for chronic infection with Burkholderia cepacia complex in people with cystic fibrosis"	2021
"children"	"10.1002/14651858.CD015374"	"Chemotherapy for second‐stage human African trypanosomiasis: drugs in use"	2021
"children_and_adults"	"10.1002/14651858.CD000023.pub5"	"Antibiotics for treatment of sore throat in children and adults"	2021
"children"	"10.1002/14651858.CD006649.pub8"	"Anticoagulation for the initial treatment of venous thromboembolism in people with cancer"	2021
"children"	"10.1002/14651858.CD004044.pub5"	"Pharmacological treatment for psychotic depression"	2021
"children_and_adults"	"10.1002/14651858.CD012121.pub2"	"Carisbamate add‐on therapy for drug‐resistant focal epilepsy"	2021
"children"	"10.1002/14651858.CD013720.pub3"	"Antioxidants to prevent respiratory decline in people with Duchenne muscular dystrophy and progressive respiratory decline"	2021
"children"	"10.1002/14651858.CD013552.pub2"	"Parenteral versus enteral fluid therapy for children hospitalised with bronchiolitis"	2021
"children"	"10.1002/14651858.CD009325.pub3"	"Interventions for tobacco use prevention in Indigenous youth"	2021
"children"	"10.1002/14651858.CD009046.pub3"	"Interventions for smoking cessation in Indigenous populations"	2021
"children"	"10.1002/14651858.CD012778.pub2"	"Nasal continuous positive airway pressure levels for the prevention of morbidity and mortality in preterm infants"	2021
"children"	"10.1002/14651858.CD010008.pub5"	"Topiramate for juvenile myoclonic epilepsy"	2021
"children_and_adults"	"10.1002/14651858.CD013437.pub2"	"Non‐corticosteroid adjuvant therapies for acute bacterial meningitis"	2021
"children"	"10.1002/14651858.CD004407.pub5"	"Vaccines for measles, mumps, rubella, and varicella in children"	2021
"children_and_adults"	"10.1002/14651858.CD002997.pub5"	"Macrolides versus placebo for chronic asthma"	2021
"children_and_adults"	"10.1002/14651858.CD013134.pub3"	"Vitamin C supplementation for prevention and treatment of pneumonia"	2021
"children"	"10.1002/14651858.CD008521.pub6"	"Vaccines for preventing rotavirus diarrhoea: vaccines in use"	2021
"children"	"10.1002/14651858.CD001145.pub5"	"Late (≥ 7 days) systemic postnatal corticosteroids for prevention of bronchopulmonary dysplasia in preterm infants"	2021
"children_and_adults"	"10.1002/14651858.CD013385.pub2"	"Decision coaching for people making healthcare decisions"	2021
"children_and_adults"	"10.1002/14651858.CD013864.pub2"	"Antibiotics for hospital‐acquired pneumonia in neonates and children"	2021
"children"	"10.1002/14651858.CD009027.pub4"	"Antiepileptic drugs for seizure control in people with neurocysticercosis"	2021
"children_and_adults"	"10.1002/14651858.CD013870.pub2"	"Phototherapy for atopic eczema"	2021
"children_and_adults"	"10.1002/14651858.CD006008.pub5"	"Intermittent catheter techniques, strategies and designs for managing long‐term bladder conditions"	2021
"children"	"10.1002/14651858.CD001146.pub6"	"Early (< 7 days) systemic postnatal corticosteroids for prevention of bronchopulmonary dysplasia in preterm infants"	2021
"children"	"10.1002/14651858.CD005252.pub5"	"Avoidance of bottles during the establishment of breastfeeds in preterm infants"	2021
"children_and_adults"	"10.1002/14651858.CD012929.pub2"	"Anti‐interleukin‐13 and anti‐interleukin‐4 agents versus placebo, anti‐interleukin‐5 or anti‐immunoglobulin‐E agents, for people with asthma"	2021
"children"	"10.1002/14651858.CD013536.pub2"	"Parenting interventions for people with schizophrenia or related serious mental illness"	2021
"children"	"10.1002/14651858.CD001243.pub4"	"Prophylactic or very early initiation of continuous positive airway pressure (CPAP) for preterm infants"	2021
"children_and_adults"	"10.1002/14651858.CD012649.pub2"	"Provision of folic acid for reducing arsenic toxicity in arsenic‐exposed children and adults"	2021
"children_and_adults"	"10.1002/14651858.CD005517.pub3"	"Materials for retrograde filling in root canal therapy"	2021
"children_and_adults"	"10.1002/14651858.CD006911.pub4"	"Music interventions for improving psychological and physical outcomes in people with cancer"	2021
"children"	"10.1002/14651858.CD010849.pub4"	"Preconception risk assessment for thalassaemia, sickle cell disease, cystic fibrosis and Tay‐Sachs disease"	2021
"children"	"10.1002/14651858.CD006466.pub7"	"Oral anticoagulation in people with cancer who have no therapeutic or prophylactic indication for anticoagulation"	2021
"children_and_adults"	"10.1002/14651858.CD003295.pub4"	"Prophylactic antibiotics for preventing gram‐positive infections associated with long‐term central venous catheters in adults and children receiving treatment for cancer"	2021
"children"	"10.1002/14651858.CD004447.pub3"	"Recombinant growth hormone therapy for X‐linked hypophosphatemia in children"	2021
"children"	"10.1002/14651858.CD008846.pub3"	"Mass drug administration for malaria"	2021
"children"	"10.1002/14651858.CD007662.pub3"	"Pharmacotherapy for trichotillomania"	2021
"children"	"10.1002/14651858.CD013335.pub2"	"Monitoring of gastric residual volume during enteral nutrition"	2021
"children"	"10.1002/14651858.CD013380.pub2"	"Interventions in outside‐school hours childcare settings for promoting physical activity amongst schoolchildren aged 4 to 12 years"	2021
"children"	"10.1002/14651858.CD007651.pub3"	"School‐based physical activity programs for promoting physical activity and fitness in children and adolescents aged 6 to 18"	2021
"children"	"10.1002/14651858.CD010062.pub3"	"Sulthiame monotherapy for epilepsy"	2021
"children"	"10.1002/14651858.CD010288.pub5"	"Anti‐IgE therapy for allergic bronchopulmonary aspergillosis in people with cystic fibrosis"	2021
"children_and_adults"	"10.1002/14651858.CD009806.pub3"	"Enzyme replacement therapy with galsulfase for mucopolysaccharidosis type VI"	2021
"children_and_adults"	"10.1002/14651858.CD013225.pub3"	"Treatments for seizures in catamenial (menstrual‐related) epilepsy"	2021
"children"	"10.1002/14651858.CD003737.pub4"	"Interventions for intermittent exotropia"	2021
"children"	"10.1002/14651858.CD013489.pub2"	"Non‐pharmacological interventions for stuttering in children six years and younger"	2021
"children"	"10.1002/14651858.CD013682.pub2"	"Whole‐cell pertussis vaccine in early infancy for the prevention of allergy in children"	2021
"children_and_adults"	"10.1002/14651858.CD013173.pub2"	"Behavioural and cognitive behavioural therapy for obsessive compulsive disorder (OCD) in individuals with autism spectrum disorder (ASD)"	2021
"children_and_adults"	"10.1002/14651858.CD011405.pub2"	"High‐dose chemotherapy followed by autologous haematopoietic cell transplantation for children, adolescents, and young adults with primary metastatic Ewing sarcoma"	2021
"children_and_adults"	"10.1002/14651858.CD011406.pub2"	"High‐dose chemotherapy followed by autologous haematopoietic cell transplantation for children, adolescents, and young adults with first recurrence of Ewing sarcoma"	2021
"children_and_adults"	"10.1002/14651858.CD011564.pub3"	"Vitamin D supplementation for chronic liver diseases in adults"	2021
"children"	"10.1002/14651858.CD001241.pub8"	"Slow advancement of enteral feed volumes to prevent necrotising enterocolitis in very low birth weight infants"	2021
"children"	"10.1002/14651858.CD011907.pub3"	"Rituximab for eradicating inhibitors in people with acquired haemophilia A"	2021
"children_and_adults"	"10.1002/14651858.CD008901.pub5"	"Recombinant growth hormone therapy for cystic fibrosis in children and young adults"	2021
"children"	"10.1002/14651858.CD012322.pub2"	"Short versus long feeding interval for bolus feedings in very preterm infants"	2021
"children"	"10.1002/14651858.CD014201"	"Clotting factor concentrates for preventing bleeding and bleeding‐related complications in previously treated individuals with haemophilia A or B"	2021
"children"	"10.1002/14651858.CD006822.pub6"	"Heliox for croup in children"	2021
"children"	"10.1002/14651858.CD011786.pub3"	"Chloral hydrate as a sedating agent for neurodiagnostic procedures in children"	2021
"children"	"10.1002/14651858.CD005620.pub3"	"Direct composite resin fillings versus amalgam fillings for permanent posterior teeth"	2021
"children_and_adults"	"10.1002/14651858.CD013441.pub2"	"Individual‐level interventions to reduce personal exposure to outdoor air pollution and their effects on people with long‐term respiratory conditions"	2021
"children"	"10.1002/14651858.CD009719.pub3"	"Continuous versus bolus intermittent intragastric tube feeding for preterm and low birth weight infants with gastro‐oesophageal reflux disease"	2021
"children_and_adults"	"10.1002/14651858.CD009149.pub3"	"Primary‐level worker interventions for the care of people living with mental disorders and distress in low‐ and middle‐income countries"	2021
"children_and_adults"	"10.1002/14651858.CD011108.pub3"	"Hydromorphone for cancer pain"	2021
"children"	"10.1002/14651858.CD005249.pub3"	"Push versus gravity for intermittent bolus gavage tube feeding of preterm and low birth weight infants"	2021
"children_and_adults"	"10.1002/14651858.CD012924.pub2"	"Physical therapy interventions, other than general physical exercise interventions, in children and adolescents before, during and following treatment for cancer"	2021
"children"	"10.1002/14651858.CD013488.pub2"	"Timing of pancreatic enzyme replacement therapy (PERT) in cystic fibrosis"	2021
"children"	"10.1002/14651858.CD009326.pub4"	"Schedules for home visits in the early postpartum period"	2021
"children"	"10.1002/14651858.CD011525.pub3"	"Intermittent preventive treatment for malaria in infants"	2021
"children"	"10.1002/14651858.CD002059.pub4"	"Opioid treatment for opioid withdrawal in newborn infants"	2021
"children"	"10.1002/14651858.CD013277.pub2"	"Sunlight for the prevention and treatment of hyperbilirubinemia in term and late preterm neonates"	2021
"children"	"10.1002/14651858.CD012756.pub2"	"Bisphosphonate use in children with cerebral palsy"	2021
"children"	"10.1002/14651858.CD013117.pub2"	"Ivermectin treatment in humans for reducing malaria transmission"	2021
"children"	"10.1002/14651858.CD001819.pub3"	"Continuous nasogastric milk feeding versus intermittent bolus milk feeding for preterm infants less than 1500 grams"	2021
"children"	"10.1002/14651858.CD010070.pub3"	"Altered dietary salt intake for people with chronic kidney disease"	2021
"children_and_adults"	"10.1002/14651858.CD002007.pub5"	"Single versus combination intravenous anti‐pseudomonal antibiotic therapy for people with cystic fibrosis"	2021
"children_and_adults"	"10.1002/14651858.CD008907.pub4"	"Eslicarbazepine acetate add‐on therapy for drug‐resistant focal epilepsy"	2021
"children"	"10.1002/14651858.CD012671.pub2"	"Tracheal suction at birth in non‐vigorous neonates born through meconium‐stained amniotic fluid"	2021
"children"	"10.1002/14651858.CD003031.pub4"	"Prophylactic drug management for febrile seizures in children"	2021
"children_and_adults"	"10.1002/14651858.CD013697.pub2"	"Oral antibiotics for chronic blepharitis"	2021
"children_and_adults"	"10.1002/14651858.CD000215.pub5"	"Anthelmintics for people with neurocysticercosis"	2021
"children_and_adults"	"10.1002/14651858.CD009289.pub2"	"Topical azole treatments for otomycosis"	2021
"children"	"10.1002/14651858.CD013674.pub2"	"New generation antidepressants for depression in children and adolescents: a network meta‐analysis"	2021
"children"	"10.1002/14651858.CD012776.pub3"	"Piperonyl butoxide (PBO) combined with pyrethroids in insecticide‐treated nets to prevent malaria in Africa"	2021
"children_and_adults"	"10.1002/14651858.CD011710.pub3"	"Internet‐based cognitive and behavioural therapies for post‐traumatic stress disorder (PTSD) in adults"	2021
"children"	"10.1002/14651858.CD002053.pub4"	"Sedatives for opioid withdrawal in newborn infants"	2021
"children_and_adults"	"10.1002/14651858.CD008841.pub3"	"Lacosamide add‐on therapy for focal epilepsy"	2021
"children"	"10.1002/14651858.CD013837.pub2"	"Antibiotic regimens for early‐onset neonatal sepsis"	2021
"children"	"10.1002/14651858.CD008496.pub3"	"Non‐drug therapies for the secondary prevention of lower limb muscle cramps"	2021
"children_and_adults"	"10.1002/14651858.CD001496.pub2"	"Pharmacological and surgical interventions for the treatment of gastro‐oesophageal reflux in adults and children with asthma"	2021
"children"	"10.1002/14651858.CD009858.pub3"	"Rubber dam isolation for restorative treatment in dental patients"	2021
"children"	"10.1002/14651858.CD011672.pub2"	"Surfactant therapy via thin catheter in preterm infants with or at risk of respiratory distress syndrome"	2021
"children"	"10.1002/14651858.CD013836.pub2"	"Antibiotic regimens for late‐onset neonatal sepsis"	2021
"children"	"10.1002/14651858.CD001150.pub4"	"Topical emollient for preventing infection in preterm infants"	2021
"children"	"10.1002/14651858.CD007899.pub3"	"Paying for performance to improve the delivery of health interventions in low‐ and middle‐income countries"	2021
"children"	"10.1002/14651858.CD013235.pub2"	"Rapid versus standard antimicrobial susceptibility testing to guide treatment of bloodstream infection"	2021
"children_and_adults"	"10.1002/14651858.CD007144.pub3"	"Immediate antiepileptic drug treatment, versus placebo, deferred, or no treatment for first unprovoked seizure"	2021
"children_and_adults"	"10.1002/14651858.CD003424.pub5"	"Drug therapies for reducing gastric acidity in people with cystic fibrosis"	2021
"children_and_adults"	"10.1002/14651858.CD013170.pub2"	"Cough augmentation techniques for people with chronic neuromuscular disorders"	2021
"children"	"10.1002/14651858.CD014955"	"Day care as a strategy for drowning prevention in children under 6 years of age in low‐ and middle‐income countries"	2021
"children"	"10.1002/14651858.CD011025.pub3"	"Transcranial magnetic stimulation for the treatment of epilepsy"	2021
"children"	"10.1002/14651858.CD008708.pub5"	"Hematopoietic stem cell transplantation for people with β‐thalassaemia"	2021
"children_and_adults"	"10.1002/14651858.CD010682.pub3"	"Antidepressants for people with epilepsy and depression"	2021
"children_and_adults"	"10.1002/14651858.CD007694.pub3"	"Regular treatment with formoterol and an inhaled corticosteroid versus regular treatment with salmeterol and an inhaled corticosteroid for chronic asthma: serious adverse events"	2021
"children"	"10.1002/14651858.CD012866.pub2"	"Bed sharing versus no bed sharing for healthy term neonates"	2021
"children_and_adults"	"10.1002/14651858.CD003277.pub4"	"Anti‐seizure medications for Lennox‐Gastaut syndrome"	2021
"children"	"10.1002/14651858.CD012493.pub2"	"Disease‐modifying treatments for primary autoimmune haemolytic anaemia"	2021
"children_and_adults"	"10.1002/14651858.CD012250.pub2"	"Circumcision devices versus standard surgical techniques in adolescent and adult male circumcisions"	2021
"children"	"10.1002/14651858.CD012862.pub2"	"Interventions for atypical haemolytic uraemic syndrome"	2021
"children"	"10.1002/14651858.CD009969.pub2"	"Lung recruitment manoeuvres for reducing mortality and respiratory morbidity in mechanically ventilated neonates"	2021
"children"	"10.1002/14651858.CD004434.pub6"	"Endothelin receptor antagonists for pulmonary arterial hypertension"	2021
"children_and_adults"	"10.1002/14651858.CD001127.pub5"	"Dornase alfa for cystic fibrosis"	2021
"children"	"10.1002/14651858.CD013732.pub2"	"Opioids for newborn infants receiving mechanical ventilation"	2021
"children_and_adults"	"10.1002/14651858.CD012823.pub2"	"Effectiveness of psychosocial interventions for reducing parental substance misuse"	2021
"children"	"10.1002/14651858.CD003427.pub5"	"Prophylactic antibiotics for preventing pneumococcal infection in children with sickle cell disease"	2021
"children"	"10.1002/14651858.CD000230.pub6"	"Zinc supplementation for improving pregnancy and infant outcome"	2021
"children"	"10.1002/14651858.CD012797.pub2"	"Enteral zinc supplementation for prevention of morbidity and mortality in preterm neonates"	2021
"children"	"10.1002/14651858.CD012413.pub3"	"High versus standard volume enteral feeds to promote growth in preterm or low birth weight infants"	2021
"children"	"10.1002/14651858.CD012827.pub2"	"Open versus laparoscopic pyloromyotomy for pyloric stenosis"	2021
"children_and_adults"	"10.1002/14651858.CD007923.pub6"	"Timing of dornase alfa inhalation for cystic fibrosis"	2021
"children"	"10.1002/14651858.CD013667.pub2"	"Interventions for self‐harm in children and adolescents"	2021
"children_and_adults"	"10.1002/14651858.CD013498.pub2"	"(Ultra‐)long‐acting insulin analogues for people with type 1 diabetes mellitus"	2021
"children_and_adults"	"10.1002/14651858.CD010172.pub3"	"High‐flow nasal cannulae for respiratory support in adult intensive care patients"	2021
"children_and_adults"	"10.1002/14651858.CD013099.pub2"	"Interventions for bacterial folliculitis and boils (furuncles and carbuncles)"	2021
"children"	"10.1002/14651858.CD003811.pub3"	"Antibiotics to prevent complications following tooth extractions"	2021
"children"	"10.1002/14651858.CD012006.pub2"	"Patient and lay carer education for preventing pressure ulceration in at‐risk populations"	2021
"children"	"10.1002/14651858.CD002777.pub2"	"High versus low medium chain triglyceride content of formula for promoting short‐term growth of preterm infants"	2021
"children"	"10.1002/14651858.CD011466.pub2"	"Fluid restriction in the management of transient tachypnea of the newborn"	2021
"children"	"10.1002/14651858.CD013457.pub2"	"The effectiveness and adverse effects of D‐cycloserine compared with placebo on social and communication skills in individuals with autism spectrum disorder"	2021
"children"	"10.1002/14651858.CD012882.pub2"	"Integrated community case management of childhood illness in low‐ and middle‐income countries"	2021
"children"	"10.1002/14651858.CD008013.pub3"	"Antidepressants for functional abdominal pain disorders in children and adolescents"	2021
"children"	"10.1002/14651858.CD011878.pub3"	"Salbutamol for transient tachypnea of the newborn"	2021
"children"	"10.1002/14651858.CD012899.pub2"	"Urgent‐start peritoneal dialysis versus haemodialysis for people with chronic kidney disease"	2021
"children"	"10.1002/14651858.CD011973.pub2"	"Beta‐blockers versus placebo or no intervention for primary prophylaxis of oesophageal variceal bleeding in children with chronic liver disease or portal vein thrombosis"	2021
"children"	"10.1002/14651858.CD011561.pub2"	"Band ligation versus sham or no intervention for primary prophylaxis of oesophageal variceal bleeding in children and adolescents with chronic liver disease or portal vein thrombosis"	2021
"children"	"10.1002/14651858.CD007468.pub4"	"Surgical interventions for the early management of Bell's palsy"	2021
"children"	"10.1002/14651858.CD013211.pub2"	"Effect of atorvastatin on testosterone levels"	2021
"children"	"10.1002/14651858.CD003032.pub5"	"Ethosuximide, sodium valproate or lamotrigine for absence seizures in children and adolescents"	2021
"children_and_adults"	"10.1002/14651858.CD013529.pub2"	"Interventions for treating iron deficiency anaemia in inflammatory bowel disease"	2021
"children"	"10.1002/14651858.CD011865.pub2"	"Payment methods for healthcare providers working in outpatient healthcare settings"	2021
"children"	"10.1002/14651858.CD009576.pub3"	"Antibiotic therapy versus no antibiotic therapy for children aged 2 to 59 months with WHO‐defined non‐severe pneumonia and wheeze"	2021
"children_and_adults"	"10.1002/14651858.CD011302.pub3"	"Wheat flour fortification with iron and other micronutrients for reducing anaemia and improving iron status in populations"	2021
"children_and_adults"	"10.1002/14651858.CD004529.pub3"	"Atovaquone‐proguanil for treating uncomplicated Plasmodium falciparum malaria"	2021
"children"	"10.1002/14651858.CD013133.pub2"	"Indomethacin for symptomatic patent ductus arteriosus in preterm infants"	2021
"children_and_adults"	"10.1002/14651858.CD001415.pub4"	"Gabapentin add‐on treatment for drug‐resistant focal epilepsy"	2021
"children_and_adults"	"10.1002/14651858.CD004265.pub4"	"Hand‐washing promotion for preventing diarrhoea"	2021
"children"	"10.1002/14651858.CD001507.pub4"	"Tyrosine supplementation for phenylketonuria"	2021
"children"	"10.1002/14651858.CD013542.pub2"	"Early full enteral feeding for preterm or low birth weight infants"	2020
"children_and_adults"	"10.1002/14651858.CD008367.pub4"	"Oral hygiene care for critically ill patients to prevent ventilator‐associated pneumonia"	2020
"children"	"10.1002/14651858.CD013217.pub2"	"Non‐pharmacological care for opioid withdrawal in newborns"	2020
"children"	"10.1002/14651858.CD012980.pub2"	"Interventions for frostbite injuries"	2020
"children_and_adults"	"10.1002/14651858.CD008500.pub5"	"Primary prophylaxis for venous thromboembolism in ambulatory cancer patients receiving chemotherapy"	2020
"children_and_adults"	"10.1002/14651858.CD006112.pub5"	"Respiratory muscle training for cystic fibrosis"	2020
"children"	"10.1002/14651858.CD012965.pub2"	"Magnesium sulphate for treating acute bronchiolitis in children up to two years of age"	2020
"children"	"10.1002/14651858.CD013046.pub2"	"Vitamin D supplementation for term breastfed infants to prevent vitamin D deficiency and improve bone health"	2020
"children"	"10.1002/14651858.CD012875.pub2"	"Effects of oral vitamin D supplementation on linear growth and other health outcomes among children under five years of age"	2020
"children_and_adults"	"10.1002/14651858.CD012123.pub2"	"N‐acetylcysteine for non‐paracetamol (acetaminophen)‐related acute liver failure"	2020
"children_and_adults"	"10.1002/14651858.CD003048.pub4"	"Probiotics for treating acute infectious diarrhoea"	2020
"children_and_adults"	"10.1002/14651858.CD012829.pub2"	"Interventions to increase patient and family involvement in escalation of care for acute life‐threatening illness in community health and hospital settings"	2020
"children"	"10.1002/14651858.CD011393.pub2"	"Interventions for itch in people with advanced chronic kidney disease"	2020
"children_and_adults"	"10.1002/14651858.CD006768.pub3"	"Interventions for convergence insufficiency: a network meta‐analysis"	2020
"children"	"10.1002/14651858.CD007652.pub7"	"Gene therapy for sickle cell disease"	2020
"children"	"10.1002/14651858.CD001480.pub6"	"Pneumococcal conjugate vaccines for preventing acute otitis media in children"	2020
"children"	"10.1002/14651858.CD013465.pub2"	"Individualized versus standard diet fortification for growth and development in preterm infants receiving human milk"	2020
"children"	"10.1002/14651858.CD007090.pub2"	"Comparison of different protein concentrations of human milk fortifier for promoting growth and neurological development in preterm infants"	2020
"children"	"10.1002/14651858.CD013114.pub2"	"Mechanically assisted walking training for walking, participation, and quality of life in children with cerebral palsy"	2020
"children"	"10.1002/14651858.CD013162.pub2"	"Cognitive behavioural therapy for anxiety disorders in children and adolescents"	2020
"children"	"10.1002/14651858.CD011803.pub2"	"Band ligation versus sclerotherapy for primary prophylaxis of oesophageal variceal bleeding in children with chronic liver disease or portal vein thrombosis"	2020
"children_and_adults"	"10.1002/14651858.CD011772.pub3"	"Rufinamide add‐on therapy for drug‐resistant epilepsy"	2020
"children"	"10.1002/14651858.CD013132.pub2"	"Pharmacological treatment for continuous spike‐wave during slow wave sleep syndrome and Landau‐Kleffner Syndrome"	2020
"children"	"10.1002/14651858.CD013779"	"Interventions to support the resilience and mental health of frontline health and social care professionals during and after a disease outbreak, epidemic or pandemic: a mixed methods systematic review"	2020
"children"	"10.1002/14651858.CD003067.pub5"	"Pit and fissure sealants versus fluoride varnishes for preventing dental decay in the permanent teeth of children and adolescents"	2020
"children"	"10.1002/14651858.CD013449.pub2"	"Myofunctional therapy (oropharyngeal exercises) for obstructive sleep apnoea"	2020
"children_and_adults"	"10.1002/14651858.CD013288.pub2"	"Specialised early intervention teams for recent‐onset psychosis"	2020
"children_and_adults"	"10.1002/14651858.CD013287.pub2"	"Specialised early intervention teams (extended time) for recent‐onset psychosis"	2020
"children_and_adults"	"10.1002/14651858.CD006811.pub4"	"Interventions to reduce body temperature to 35 ⁰C to 37 ⁰C in adults and children with traumatic brain injury"	2020
"children_and_adults"	"10.1002/14651858.CD013400.pub2"	"Physical activity interventions for people with congenital heart disease"	2020
"children_and_adults"	"10.1002/14651858.CD008312.pub4"	"Strategies for improving adherence to antiepileptic drug treatment in people with epilepsy"	2020
"children"	"10.1002/14651858.CD010686.pub2"	"Virtual reality distraction for acute pain in children"	2020
"children"	"10.1002/14651858.CD013298.pub2"	"Systemic interventions for severe atopic and vernal keratoconjunctivitis in children and young people up to the age of 16 years"	2020
"children"	"10.1002/14651858.CD004730.pub5"	"Drug treatments for managing cystic fibrosis‐related diabetes"	2020
"children"	"10.1002/14651858.CD002271.pub3"	"Continuous positive airway pressure (CPAP) for respiratory distress in preterm infants"	2020
"children"	"10.1002/14651858.CD002975.pub2"	"Early versus delayed continuous positive airway pressure (CPAP) for respiratory distress in preterm infants"	2020
"children_and_adults"	"10.1002/14651858.CD004346.pub5"	"Recall intervals for oral health in primary care patients"	2020
"children_and_adults"	"10.1002/14651858.CD013686.pub2"	"Interventions to reduce contaminated aerosols produced during dental procedures for preventing infectious diseases"	2020
"children"	"10.1002/14651858.CD013101.pub2"	"Prophylactic corticosteroids for paediatric heart surgery with cardiopulmonary bypass"	2020
"children"	"10.1002/14651858.CD006047.pub6"	"Household interventions for secondary prevention of domestic lead exposure in children"	2020
"children"	"10.1002/14651858.CD012273.pub2"	"Branched‐chain amino acid supplementation for improving growth and development in term and preterm neonates"	2020
"children"	"10.1002/14651858.CD001912.pub5"	"Prophylactic anti‐staphylococcal antibiotics for cystic fibrosis"	2020
"children_and_adults"	"10.1002/14651858.CD008294.pub5"	"Pine bark (Pinus spp.) extract for treating chronic disorders"	2020
"children_and_adults"	"10.1002/14651858.CD004448.pub7"	"Phytomedicines (medicines derived from plants) for sickle cell disease"	2020
"children"	"10.1002/14651858.CD000433.pub3"	"Protein supplementation of human milk for promoting growth in preterm infants"	2020
"children"	"10.1002/14651858.CD013738"	"Means restriction for the prevention of suicide on roads"	2020
"children"	"10.1002/14651858.CD001862.pub4"	"Interventions for preventing ophthalmia neonatorum"	2020
"children_and_adults"	"10.1002/14651858.CD013206.pub2"	"Systemic treatments for eczema: a network meta‐analysis"	2020
"children_and_adults"	"10.1002/14651858.CD011293.pub3"	"Sublingual immunotherapy for asthma"	2020
"children_and_adults"	"10.1002/14651858.CD012415.pub2"	"Taxation of the fat content of foods for reducing their consumption and preventing obesity or other adverse health outcomes"	2020
"children"	"10.1002/14651858.CD000280.pub3"	"Carbohydrate supplementation of human milk to promote growth in preterm infants"	2020
"children_and_adults"	"10.1002/14651858.CD012417.pub2"	"Psychological and social interventions for the prevention of mental disorders in people living in low‐ and middle‐income countries affected by humanitarian crises"	2020
"children_and_adults"	"10.1002/14651858.CD012081.pub3"	"Psychological treatments for people with epilepsy"	2020
"children_and_adults"	"10.1002/14651858.CD010458.pub3"	"Tafenoquine for preventing relapse in people with   Plasmodium vivax malaria"	2020
"children_and_adults"	"10.1002/14651858.CD009422.pub4"	"Vitamin E supplementation in people with cystic fibrosis"	2020
"children"	"10.1002/14651858.CD013564.pub2"	"Interventions to reduce the time to diagnosis of brain tumours"	2020
"children"	"10.1002/14651858.CD012826.pub2"	"Hydrosurgical debridement versus conventional surgical debridement for acute partial‐thickness burns"	2020
"children_and_adults"	"10.1002/14651858.CD008652.pub4"	"Pharmacotherapy for hyperuricaemia in hypertensive patients"	2020
"children"	"10.1002/14651858.CD000544.pub5"	"Oral 5‐aminosalicylic acid for maintenance of remission in ulcerative colitis"	2020
"children"	"10.1002/14651858.CD008213.pub3"	"Surgical interventions for primary congenital glaucoma"	2020
"children_and_adults"	"10.1002/14651858.CD004834.pub3"	"Interventions for American cutaneous and mucocutaneous leishmaniasis"	2020
"children"	"10.1002/14651858.CD013260.pub2"	"Topical mydriatics as adjunctive therapy for traumatic iridocyclitis"	2020
"children"	"10.1002/14651858.CD000341.pub3"	"Fat supplementation of human milk for promoting growth in preterm infants"	2020
"children_and_adults"	"10.1002/14651858.CD010285.pub3"	"Antibiotic therapy for pelvic inflammatory disease"	2020
"children_and_adults"	"10.1002/14651858.CD012656.pub3"	"Primaquine alternative dosing schedules for preventing malaria relapse in people with   Plasmodium vivax"	2020
"children_and_adults"	"10.1002/14651858.CD004370.pub4"	"Intravenous immunoglobulin for presumed viral myocarditis in children and adults"	2020
"children"	"10.1002/14651858.CD013202.pub2"	"Stem cell‐based interventions for the prevention of morbidity and mortality following hypoxic‐ischaemic encephalopathy in newborn infants"	2020
"children_and_adults"	"10.1002/14651858.CD009438.pub2"	"Mobility management to prevent, reduce, or delay driving a car in teenagers"	2020
"children"	"10.1002/14651858.CD012012.pub2"	"Routine Health Information System (RHIS) improvements for strengthened health system management"	2020
"children_and_adults"	"10.1002/14651858.CD005552.pub3"	"Metformin versus the combined oral contraceptive pill for hirsutism, acne, and menstrual pattern in polycystic ovary syndrome"	2020
"children_and_adults"	"10.1002/14651858.CD007789.pub3"	"Oral non‐steroidal anti‐inflammatory drugs versus other oral analgesic agents for acute soft tissue injury"	2020
"children"	"10.1002/14651858.CD000543.pub5"	"Oral 5‐aminosalicylic acid for induction of remission in ulcerative colitis"	2020
"children_and_adults"	"10.1002/14651858.CD008227.pub4"	"Pancreatic enzyme replacement therapy for people with cystic fibrosis"	2020
"children_and_adults"	"10.1002/14651858.CD011504.pub3"	"Community‐level interventions for improving access to food in low‐ and middle‐income countries"	2020
"children"	"10.1002/14651858.CD013209.pub2"	"Perioperative antibiotics for preventing post‐surgical site infections in solid organ transplant recipients"	2020
"children"	"10.1002/14651858.CD010810.pub4"	"Rituximab for treating inhibitors in people with inherited severe hemophilia"	2020
"children_and_adults"	"10.1002/14651858.CD007302.pub3"	"Vigabatrin add‐on therapy for drug‐resistant focal epilepsy"	2020
"children"	"10.1002/14651858.CD009966.pub3"	"Glucose‐lowering agents for treating pre‐existing and new‐onset diabetes in kidney transplant recipients"	2020
"children"	"10.1002/14651858.CD008058.pub3"	"Topical treatment for facial burns"	2020
"children"	"10.1002/14651858.CD013392.pub2"	"Early fortification of human milk versus late fortification to promote growth in preterm infants"	2020
"children_and_adults"	"10.1002/14651858.CD003146.pub4"	"Blood transfusion for preventing primary and secondary stroke in people with sickle cell disease"	2020
"children"	"10.1002/14651858.CD012241.pub2"	"Education of family members to support weaning to solids and nutrition in later infancy in term‐born infants"	2020
"children"	"10.1002/14651858.CD001416.pub5"	"Zonisamide add‐on therapy for focal epilepsy"	2020
"children"	"10.1002/14651858.CD007037.pub4"	"Beta‐blockers for congestive heart failure in children"	2020
"children_and_adults"	"10.1002/14651858.CD009209.pub3"	"Workplace pedometer interventions for increasing physical activity"	2020
"children"	"10.1002/14651858.CD013006.pub2"	"Interventions for the management of obesity in people with bipolar disorder"	2020
"children_and_adults"	"10.1002/14651858.CD008037.pub4"	"Antibiotic adjuvant therapy for pulmonary infection in cystic fibrosis"	2020
"children"	"10.1002/14651858.CD001304.pub3"	"Dietary interventions for phenylketonuria"	2020
"children"	"10.1002/14651858.CD013268.pub2"	"Statins for asthma"	2020
"children"	"10.1002/14651858.CD012362.pub3"	"Head midline position for preventing the occurrence or extension of germinal matrix‐intraventricular haemorrhage in preterm infants"	2020
"children"	"10.1002/14651858.CD009533.pub2"	"Psychological interventions for psychosis in adolescents"	2020
"children"	"10.1002/14651858.CD007001.pub5"	"Hematopoietic stem cell transplantation for people with sickle cell disease"	2020
"children"	"10.1002/14651858.CD003149.pub4"	"Preoperative blood transfusions for sickle cell disease"	2020
"children_and_adults"	"10.1002/14651858.CD013017.pub2"	"Psychological therapies for women who experience intimate partner violence"	2020
"children"	"10.1002/14651858.CD007783.pub3"	"Lamotrigine add‐on therapy for drug‐resistant generalised tonic‐clonic seizures"	2020
"children"	"10.1002/14651858.CD012011.pub2"	"Use of reflective materials during phototherapy for newborn infants with unconjugated hyperbilirubinaemia"	2020
"children_and_adults"	"10.1002/14651858.CD001901.pub3"	"Levetiracetam add‐on for drug‐resistant focal epilepsy"	2020
"children"	"10.1002/14651858.CD013165.pub2"	"Potassium binders for chronic hyperkalaemia in people with chronic kidney disease"	2020
"children_and_adults"	"10.1002/14651858.CD012970.pub2"	"Probiotic treatment for women with gestational diabetes to improve maternal and infant health and well‐being"	2020
"children_and_adults"	"10.1002/14651858.CD001903.pub5"	"Ketogenic diets for drug‐resistant epilepsy"	2020
"children"	"10.1002/14651858.CD003959.pub4"	"Higher versus lower protein intake in formula‐fed low birth weight infants"	2020
"children"	"10.1002/14651858.CD009829.pub2"	"Cognitive‐behavioural therapy (CBT) interventions for young people aged 10 to 18 with harmful sexual behaviour"	2020
"children_and_adults"	"10.1002/14651858.CD008428.pub3"	"Vitamin A and fish oils for preventing the progression of retinitis pigmentosa"	2020
"children"	"10.1002/14651858.CD012272.pub3"	"Newborn screening for galactosaemia"	2020
"children"	"10.1002/14651858.CD012735.pub2"	"Pitavastatin for lowering lipids"	2020
"children"	"10.1002/14651858.CD005982.pub3"	"Low molecular weight heparin for prevention of central venous catheter‐related thrombosis in children"	2020
"children"	"10.1002/14651858.CD012726.pub2"	"Ventriculo‐peritoneal shunting devices for hydrocephalus"	2020
"children_and_adults"	"10.1002/14651858.CD009528.pub5"	"Standard versus biofilm antimicrobial susceptibility testing to guide antibiotic therapy in cystic fibrosis"	2020
"children"	"10.1002/14651858.CD010004.pub5"	"Antibiotic treatment for nontuberculous mycobacteria lung infection in people with cystic fibrosis"	2020
"children_and_adults"	"10.1002/14651858.CD008482.pub6"	"Vitamin K supplementation for cystic fibrosis"	2020
"children"	"10.1002/14651858.CD000343.pub4"	"Multi‐nutrient fortification of human milk for preterm infants"	2020
"children_and_adults"	"10.1002/14651858.CD013636"	"Effects of total fat intake on body fatness in adults"	2020
"children"	"10.1002/14651858.CD012284.pub3"	"Growth hormone therapy for people with thalassaemia"	2020
"children"	"10.1002/14651858.CD010858.pub3"	"Vitamin D supplementation for sickle cell disease"	2020
"children"	"10.1002/14651858.CD011505.pub2"	"Oral galactagogues (natural therapies or drugs) for increasing breast milk production in mothers of non‐hospitalised term infants"	2020
"children"	"10.1002/14651858.CD008602.pub4"	"Interventions for congenital talipes equinovarus (clubfoot)"	2020
"children"	"10.1002/14651858.CD006961.pub5"	"Combination antimicrobial susceptibility testing for acute exacerbations in chronic infection of Pseudomonas aeruginosa in cystic fibrosis"	2020
"children_and_adults"	"10.1002/14651858.CD009561.pub3"	"Artificial corneas versus donor corneas for repeat corneal transplants"	2020
"children"	"10.1002/14651858.CD007352.pub3"	"Conservative management of oesophageal soft food bolus impaction"	2020
"children"	"10.1002/14651858.CD013212.pub2"	"Screening strategies for hypertension"	2020
"children_and_adults"	"10.1002/14651858.CD003879.pub5"	"Surgical removal versus retention for the management of asymptomatic disease‐free impacted wisdom teeth"	2020
"children"	"10.1002/14651858.CD002911.pub3"	"Alarm interventions for nocturnal enuresis in children"	2020
"children_and_adults"	"10.1002/14651858.CD011368.pub2"	"Topical azelaic acid, salicylic acid, nicotinamide, sulphur, zinc and fruit acid (alpha‐hydroxy acid) for acne"	2020
"children_and_adults"	"10.1002/14651858.CD008649.pub4"	"Inhaled mannitol for cystic fibrosis"	2020
"children_and_adults"	"10.1002/14651858.CD008268.pub3"	"Corticosteroids as standalone or add‐on treatment for sore throat"	2020
"children"	"10.1002/14651858.CD010996.pub3"	"Normal saline (0.9% sodium chloride) versus heparin intermittent flushing for the prevention of occlusion in long‐term central venous catheters in infants and children"	2020
"children_and_adults"	"10.1002/14651858.CD006842.pub5"	"Oscillating devices for airway clearance in people with cystic fibrosis"	2020
"children"	"10.1002/14651858.CD011365.pub2"	"Tonsillectomy versus tonsillotomy for obstructive sleep‐disordered breathing in children"	2020
"children"	"10.1002/14651858.CD010822.pub4"	"Gene therapy for haemophilia"	2020
"children"	"10.1002/14651858.CD013594"	"Treating progressive disseminated histoplasmosis in people living with HIV"	2020
"children"	"10.1002/14651858.CD007286.pub5"	"Antiepileptic drugs as prophylaxis for postcraniotomy seizures"	2020
"children"	"10.1002/14651858.CD011855.pub3"	"Palliative drug treatments for breathlessness in cystic fibrosis"	2020
"children_and_adults"	"10.1002/14651858.CD012253.pub3"	"Clonazepam add‐on therapy for drug‐resistant epilepsy"	2020
"children"	"10.1002/14651858.CD012581.pub2"	"Vitamin D, calcium or a combination of vitamin D and calcium for the treatment of nutritional rickets in children"	2020
"children"	"10.1002/14651858.CD013231.pub2"	"Non‐invasive respiratory support for the management of transient tachypnea of the newborn"	2020
"children"	"10.1002/14651858.CD012005.pub2"	"Interventions for fatigue in inflammatory bowel disease"	2020
"children_and_adults"	"10.1002/14651858.CD010599.pub2"	"Anthelmintic drugs for treating ascariasis"	2020
"children_and_adults"	"10.1002/14651858.CD002201.pub6"	"Omega‐3 fatty acid supplementation for cystic fibrosis"	2020
"children"	"10.1002/14651858.CD012333.pub2"	"Taxation of unprocessed sugar or sugar‐added foods for reducing their consumption and preventing obesity or other adverse health outcomes"	2020
"children"	"10.1002/14651858.CD012566.pub2"	"Rinse‐free hand wash for reducing absenteeism among preschool and school children"	2020
"children_and_adults"	"10.1002/14651858.CD013376.pub2"	"Agricultural and nutritional education interventions for reducing aflatoxin exposure to improve infant and child growth in low‐ and middle‐income countries"	2020
"children"	"10.1002/14651858.CD009196.pub5"	"EEG for children with complex febrile seizures"	2020
"children"	"10.1002/14651858.CD013104.pub2"	"Clonidine for pain in non‐ventilated infants"	2020
"children"	"10.1002/14651858.CD013141.pub2"	"Early versus late parenteral nutrition for critically ill term and late preterm infants"	2020
"children"	"10.1002/14651858.CD012389.pub3"	"Interventions for preventing silent cerebral infarcts in people with sickle cell disease"	2020
"children_and_adults"	"10.1002/14651858.CD004198.pub4"	"Treatments for priapism in boys and men with sickle cell disease"	2020
"children_and_adults"	"10.1002/14651858.CD010596.pub3"	"Exercise versus no exercise for the occurrence, severity, and duration of acute respiratory infections"	2020
"children"	"10.1002/14651858.CD009529.pub4"	"Antibiotic treatment for   Burkholderia cepacia complex in people with cystic fibrosis experiencing a pulmonary exacerbation"	2020
"children"	"10.1002/14651858.CD007738.pub3"	"Spectacle correction versus no spectacles for prevention of strabismus in hyperopic children"	2020
"children_and_adults"	"10.1002/14651858.CD011792.pub3"	"Treatments for the prevention of Sudden Unexpected Death in Epilepsy (SUDEP)"	2020
"children"	"10.1002/14651858.CD007137.pub6"	"Enteral lactoferrin supplementation for prevention of sepsis and necrotizing enterocolitis in preterm infants"	2020
"children_and_adults"	"10.1002/14651858.CD012056.pub3"	"Interventions for preventing and managing advanced liver disease in cystic fibrosis"	2020
"children"	"10.1002/14651858.CD013018.pub2"	"Physical therapies for postural abnormalities in people with cystic fibrosis"	2020
"children"	"10.1002/14651858.CD012982.pub2"	"Death audits and reviews for reducing maternal, perinatal and child mortality"	2020
"children"	"10.1002/14651858.CD005136.pub4"	"Occlusion for stimulus deprivation amblyopia"	2020
"children_and_adults"	"10.1002/14651858.CD012517.pub2"	"Glucocorticoid replacement regimens for treating congenital adrenal hyperplasia"	2020
"children"	"10.1002/14651858.CD009249.pub5"	"Antibiotic treatment for Stenotrophomonas maltophilia in people with cystic fibrosis"	2020
"children"	"10.1002/14651858.CD012935.pub2"	"Diaphragm‐triggered non‐invasive respiratory support in preterm infants"	2020
"children"	"10.1002/14651858.CD013222.pub2"	"Postnatal corticosteroids for transient tachypnoea of the newborn"	2020
"children_and_adults"	"10.1002/14651858.CD003965.pub3"	"Immunosuppressive agents for treating IgA nephropathy"	2020
"children"	"10.1002/14651858.CD011573.pub2"	"Sclerotherapy versus sham or no intervention for primary prophylaxis of oesophageal variceal bleeding in children with chronic liver disease or portal vein thrombosis"	2020
"children_and_adults"	"10.1002/14651858.CD007443.pub3"	"Probiotics for maintenance of remission in ulcerative colitis"	2020
"children_and_adults"	"10.1002/14651858.CD012681.pub2"	"Severe fatigue after treatment for childhood cancer"	2020
"children"	"10.1002/14651858.CD008816.pub4"	"Timing of hypertonic saline inhalation for cystic fibrosis"	2020
"children"	"10.1002/14651858.CD008959.pub3"	"Home fortification of foods with multiple micronutrient powders for health and nutrition in children under two years of age"	2020
"children"	"10.1002/14651858.CD013543"	"Means restriction for the prevention of suicide by jumping"	2020
"children"	"10.1002/14651858.CD010196.pub3"	"Different unfractionated heparin doses for preventing arterial thrombosis in children undergoing cardiac catheterization"	2020
"children"	"10.1002/14651858.CD004863.pub6"	"Early erythropoiesis‐stimulating agents in preterm or low birth weight infants"	2020
"children"	"10.1002/14651858.CD003481.pub8"	"Ibuprofen for the treatment of patent ductus arteriosus in preterm or low birth weight (or both) infants"	2020
"children"	"10.1002/14651858.CD004865.pub4"	"Early versus late erythropoietin for preventing red blood cell transfusion in preterm and/or low birth weight infants"	2020
"children"	"10.1002/14651858.CD011779.pub3"	"Strategies to improve the implementation of healthy eating, physical activity and obesity prevention policies, practices or programmes within childcare services"	2020
"children"	"10.1002/14651858.CD005254.pub4"	"Surfactant for pulmonary haemorrhage in neonates"	2020
"children"	"10.1002/14651858.CD000361.pub4"	"Intravenous immunoglobulin for preventing infection in preterm and/or low birth weight infants"	2020
"children"	"10.1002/14651858.CD001239.pub6"	"Intravenous immunoglobulin for suspected or proven infection in neonates"	2020
"children"	"10.1002/14651858.CD004868.pub6"	"Late erythropoiesis‐stimulating agents to prevent red blood cell transfusion in preterm or low birth weight infants"	2020
"children"	"10.1002/14651858.CD012381.pub2"	"Oral Janus kinase inhibitors for maintenance of remission in ulcerative colitis"	2020
"children"	"10.1002/14651858.CD011219.pub4"	"Paracetamol (acetaminophen) for prevention or treatment of pain in newborns"	2020
"children"	"10.1002/14651858.CD004213.pub5"	"Ibuprofen for the prevention of patent ductus arteriosus in preterm and/or low birth weight infants"	2020
"children"	"10.1002/14651858.CD012501.pub2"	"Cerivastatin for lowering lipids"	2020
"children"	"10.1002/14651858.CD013128.pub2"	"Interventions for chronic pruritus of unknown origin"	2020
"children_and_adults"	"10.1002/14651858.CD008630.pub5"	"Pharmacological treatment other than corticosteroids, intravenous immunoglobulin and plasma exchange for Guillain‐Barré syndrome"	2020
"children"	"10.1002/14651858.CD012949.pub2"	"Probiotics for people with cystic fibrosis"	2020
"children"	"10.1002/14651858.CD010885.pub5"	"Different infusion durations for preventing platinum‐induced hearing loss in children with cancer"	2020
"children"	"10.1002/14651858.CD010904.pub3"	"Hypertonic saline versus other intracranial pressure–lowering agents for people with acute traumatic brain injury"	2020
"children"	"10.1002/14651858.CD011895.pub2"	"Improving vaccination uptake among adolescents"	2020
"children"	"10.1002/14651858.CD007074.pub3"	"Anti‐inflammatory medications for obstructive sleep apnoea in children"	2020
"children"	"10.1002/14651858.CD007843.pub4"	"Blood transfusions for treating acute chest syndrome in people with sickle cell disease"	2020
"children"	"10.1002/14651858.CD004916.pub4"	"Interventions to slow progression of myopia in children"	2020
"children"	"10.1002/14651858.CD011659.pub2"	"Sclerotherapy versus beta‐blockers for primary prophylaxis of oesophageal variceal bleeding in children and adolescents with chronic liver disease or portal vein thrombosis"	2020
"children"	"10.1002/14651858.CD006282.pub5"	"Drug treatment for spinal muscular atrophy types II and III"	2020
"children"	"10.1002/14651858.CD012547.pub2"	"Caregiver involvement in interventions for improving children's dietary intake and physical activity behaviors"	2020
"children"	"10.1002/14651858.CD003983.pub3"	"Decompressive craniectomy for the treatment of high intracranial pressure in closed traumatic brain injury"	2019
"children"	"10.1002/14651858.CD008669.pub3"	"Tonsillectomy for periodic fever, aphthous stomatitis, pharyngitis and cervical adenitis syndrome (PFAPA)"	2019
"children"	"10.1002/14651858.CD011780.pub2"	"Equivalent schedules of intradermal fractional dose versus intramuscular full dose of inactivated polio vaccine for prevention of poliomyelitis"	2019
"children"	"10.1002/14651858.CD009359.pub2"	"Racecadotril for acute diarrhoea in children"	2019
"children"	"10.1002/14651858.CD011400.pub2"	"Food fortification with multiple micronutrients: impact on health outcomes in general population"	2019
"children"	"10.1002/14651858.CD012300.pub2"	"Treatments for preventing recurrence of infection with   Pseudomonas aeruginosa in people with cystic fibrosis"	2019
"children"	"10.1002/14651858.CD009051.pub3"	"Hepatitis A immunisation in persons not previously exposed to hepatitis A"	2019
"children"	"10.1002/14651858.CD011633.pub3"	"Treatment of dental complications in sickle cell disease"	2019
"children"	"10.1002/14651858.CD010808.pub2"	"Prophylactic antibiotics for penetrating abdominal trauma: duration of use and antibiotic choice"	2019
"children"	"10.1002/14651858.CD006281.pub5"	"Drug treatment for spinal muscular atrophy type I"	2019
"children_and_adults"	"10.1002/14651858.CD012213.pub2"	"Interventions for managing halitosis"	2019
"children"	"10.1002/14651858.CD009324.pub5"	"Losigamone add‐on therapy for focal epilepsy"	2019
"children"	"10.1002/14651858.CD011588.pub3"	"Iron therapy for preoperative anaemia"	2019
"children"	"10.1002/14651858.CD011822.pub2"	"​Primary closure versus delayed or no closure for traumatic wounds due to mammalian bite"	2019
"children_and_adults"	"10.1002/14651858.CD011359.pub2"	"Beginning reading interventions for children and adolescents with intellectual disability"	2019
"children"	"10.1002/14651858.CD004344.pub7"	"Treatment for avascular necrosis of bone in people with sickle cell disease"	2019
"children"	"10.1002/14651858.CD011260.pub2"	"Sequential inactivated (IPV) and live oral (OPV) poliovirus vaccines for preventing poliomyelitis"	2019
"children"	"10.1002/14651858.CD012459.pub2"	"Parent training programmes for managing infantile colic"	2019
"children"	"10.1002/14651858.CD008557.pub4"	"Intravenous immunoglobulins for epilepsy"	2019
"children"	"10.1002/14651858.CD012348.pub2"	"Video feedback for parental sensitivity and attachment security in children under five years"	2019
"children"	"10.1002/14651858.CD003147.pub5"	"Positive expiratory pressure physiotherapy for airway clearance in people with cystic fibrosis"	2019
"children_and_adults"	"10.1002/14651858.CD013479"	"Comparison of different human papillomavirus (HPV) vaccine types and dose schedules for prevention of HPV‐related disease in females and males"	2019
"children"	"10.1002/14651858.CD003809.pub4"	"Fluorides for preventing early tooth decay (demineralised lesions) during fixed brace treatment"	2019
"children_and_adults"	"10.1002/14651858.CD011116.pub3"	"Management of gag reflex for patients undergoing dental treatment"	2019
"children"	"10.1002/14651858.CD013145.pub2"	"Human milk‐derived fortifier versus bovine milk‐derived fortifier for prevention of mortality and morbidity in preterm neonates"	2019
"children_and_adults"	"10.1002/14651858.CD006401.pub5"	"Statins for children with familial hypercholesterolemia"	2019
"children"	"10.1002/14651858.CD007647.pub2"	"Community‐based maternal and newborn educational care packages for improving neonatal health and survival in low‐ and middle‐income countries"	2019
"children"	"10.1002/14651858.CD010592.pub2"	"Intranasal corticosteroids for non‐allergic rhinitis"	2019
"children"	"10.1002/14651858.CD003871.pub3"	"Interventions to reduce Staphylococcus aureus in the management of eczema"	2019
"children"	"10.1002/14651858.CD012888.pub2"	"Stopping enteral feeds for prevention of transfusion‐associated necrotising enterocolitis in preterm infants"	2019
"children"	"10.1002/14651858.CD008360.pub5"	"Regular long‐term red blood cell transfusions for managing chronic chest complications in sickle cell disease"	2019
"children_and_adults"	"10.1002/14651858.CD009902.pub2"	"Fortification of rice with vitamins and minerals for addressing micronutrient malnutrition"	2019
"children"	"10.1002/14651858.CD001417.pub4"	"Topiramate add‐on therapy for drug‐resistant focal epilepsy"	2019
"children"	"10.1002/14651858.CD004154.pub5"	"Clobazam add‐on therapy for drug‐resistant epilepsy"	2019
"children"	"10.1002/14651858.CD001908.pub4"	"Tiagabine add‐on therapy for drug‐resistant focal epilepsy"	2019
"children"	"10.1002/14651858.CD011550.pub2"	"Assisted standing for Duchenne muscular dystrophy"	2019
"children"	"10.1002/14651858.CD010784.pub3"	"Medical and surgical interventions for the treatment of urinary stones in children"	2019
"children"	"10.1002/14651858.CD001408.pub2"	"Botulinum toxin type A in the treatment of lower limb spasticity in children with cerebral palsy"	2019
"children"	"10.1002/14651858.CD004052.pub2"	"Valproate for acute mania"	2019
"children_and_adults"	"10.1002/14651858.CD010901.pub3"	"Interventions for drug‐using offenders with co‐occurring mental health problems"	2019
"children"	"10.1002/14651858.CD012363.pub2"	"Interventions for idiopathic toe walking"	2019
"children"	"10.1002/14651858.CD013446"	"Regimens of vitamin D supplementation for women during pregnancy"	2019
"children_and_adults"	"10.1002/14651858.CD007020.pub4"	"Antioxidant supplementation for lung disease in cystic fibrosis"	2019
"children_and_adults"	"10.1002/14651858.CD008033.pub4"	"Reduction versus abrupt cessation in smokers who want to quit"	2019
"children"	"10.1002/14651858.CD012963.pub2"	"Prostanoids and their analogues for the treatment of pulmonary hypertension in neonates"	2019
"children"	"10.1002/14651858.CD013183.pub2"	"Smoking reduction interventions for smoking cessation"	2019
"children"	"10.1002/14651858.CD001860.pub4"	"Antibiotics for trachoma"	2019
"children"	"10.1002/14651858.CD006924.pub4"	"Inhaled steroids with and without regular formoterol for asthma: serious adverse events"	2019
"children"	"10.1002/14651858.CD011055.pub2"	"Interventions to improve disposal of child faeces for preventing diarrhoea and soil‐transmitted helminth infection"	2019
"children"	"10.1002/14651858.CD012367.pub2"	"Conservative interventions for treating functional daytime urinary incontinence in children"	2019
"children"	"10.1002/14651858.CD010517.pub3"	"Splenectomy for people with thalassaemia major or intermedia"	2019
"children"	"10.1002/14651858.CD011192.pub3"	"Calcium supplementation commencing before or early in pregnancy, for preventing hypertensive disorders of pregnancy"	2019
"children"	"10.1002/14651858.CD013210.pub2"	"Interventions for maintenance of surgically induced remission in Crohn’s disease: a network meta‐analysis"	2019
"children"	"10.1002/14651858.CD000371.pub7"	"Public health deworming programmes for soil‐transmitted helminths in children living in endemic areas"	2019
"children_and_adults"	"10.1002/14651858.CD011358.pub3"	"Magnesium for treating sickle cell disease"	2019
"children_and_adults"	"10.1002/14651858.CD001505.pub5"	"Oral non‐steroidal anti‐inflammatory drug therapy for lung disease in cystic fibrosis"	2019
"children_and_adults"	"10.1002/14651858.CD011711.pub2"	"Respiratory muscle training in children and adults with neuromuscular disease"	2019
"children"	"10.1002/14651858.CD009710.pub3"	"Homeopathy for treatment of irritable bowel syndrome"	2019
"children"	"10.1002/14651858.CD002009.pub7"	"Once‐daily versus multiple‐daily dosing with intravenous aminoglycosides for cystic fibrosis"	2019
"children"	"10.1002/14651858.CD012573.pub3"	"Altering the availability or proximity of food, alcohol, and tobacco products to change their selection and consumption"	2019
"children"	"10.1002/14651858.CD012544.pub2"	"Fetal biometry for guiding the medical management of women with gestational diabetes mellitus for improving maternal and perinatal health"	2019
"children"	"10.1002/14651858.CD012248.pub2"	"Chlorhexidine bathing of the critically ill for the prevention of hospital‐acquired infection"	2019
"children"	"10.1002/14651858.CD013077.pub2"	"Contact tracing strategies in household and congregate environments to identify cases of tuberculosis in low‐ and moderate‐incidence populations"	2019
"children"	"10.1002/14651858.CD002972.pub3"	"Formula versus maternal breast milk for feeding preterm or low birth weight infants"	2019
"children"	"10.1002/14651858.CD009472.pub4"	"Sulthiame add‐on therapy for epilepsy"	2019
"children"	"10.1002/14651858.CD012448.pub2"	"TNF‐α blockers for the treatment of Kawasaki disease in children"	2019
"children"	"10.1002/14651858.CD012736.pub2"	"Larviciding to prevent malaria transmission"	2019
"children"	"10.1002/14651858.CD012731.pub2"	"Prebiotics for the prevention of hyperbilirubinaemia in neonates"	2019
"children"	"10.1002/14651858.CD010233.pub3"	"Azathioprine and 6‐mercaptopurine for maintenance of surgically‐induced remission in Crohn's disease"	2019
"children"	"10.1002/14651858.CD012379.pub2"	"eHealth interventions for people with chronic kidney disease"	2019
"children"	"10.1002/14651858.CD012760.pub2"	"Families and Schools Together (FAST) for improving outcomes for children and their families"	2019
"children_and_adults"	"10.1002/14651858.CD002217.pub3"	"Phenobarbitone versus phenytoin monotherapy for epilepsy: an individual participant data review"	2019
"children"	"10.1002/14651858.CD012412.pub3"	"Protein hydrolysate versus standard formula for preterm infants"	2019
"children_and_adults"	"10.1002/14651858.CD003808.pub4"	"Operative caries management in adults and children"	2019
"children"	"10.1002/14651858.CD012711.pub2"	"The impact of surgical therapies for inflammatory bowel disease on female fertility"	2019
"children"	"10.1002/14651858.CD001871.pub4"	"Interventions for preventing obesity in children"	2019
"children_and_adults"	"10.1002/14651858.CD012764.pub2"	"Community first responders for out‐of‐hospital cardiac arrest in adults and children"	2019
"children_and_adults"	"10.1002/14651858.CD012247.pub2"	"Buffered solutions versus 0.9% saline for resuscitation in critically ill adults and children"	2019
"children"	"10.1002/14651858.CD001911.pub4"	"Carbamazepine versus phenytoin monotherapy for epilepsy: an individual participant data review"	2019
"children"	"10.1002/14651858.CD004204.pub3"	"Nutrient‐enriched formula versus standard formula for preterm infants"	2019
"children"	"10.1002/14651858.CD010891.pub2"	"Genetic testing for prevention of severe drug‐induced skin rash"	2019
"children"	"10.1002/14651858.CD003814.pub3"	"Interventions for replacing missing teeth: partially absent dentition"	2019
"children_and_adults"	"10.1002/14651858.CD005027.pub5"	"Interventions for morphea"	2019
"children"	"10.1002/14651858.CD009692.pub2"	"Human albumin infusion for treating oedema in people with nephrotic syndrome"	2019
"children_and_adults"	"10.1002/14651858.CD008036.pub5"	"Singing as an adjunct therapy for children and adults with cystic fibrosis"	2019
"children"	"10.1002/14651858.CD000366.pub4"	"Inositol in preterm infants at risk for or having respiratory distress syndrome"	2019
"children"	"10.1002/14651858.CD012943.pub2"	"Interventions for treating neuropathic pain in people with sickle cell disease"	2019
"children_and_adults"	"10.1002/14651858.CD001915.pub6"	"Inhaled corticosteroids for cystic fibrosis"	2019
"children"	"10.1002/14651858.CD011785.pub2"	"Pharmacological interventions for prevention and treatment of upper gastrointestinal bleeding in newborn infants"	2019
"children"	"10.1002/14651858.CD012150.pub2"	"Fortification of wheat and maize flour with folic acid for population health outcomes"	2019
"children_and_adults"	"10.1002/14651858.CD012900.pub2"	"Computer and mobile technology interventions to promote medication adherence and disease management in people with thalassemia"	2019
"children"	"10.1002/14651858.CD007644.pub3"	"Banked preterm versus banked term human milk to promote growth and development in very low birth weight infants"	2019
"children"	"10.1002/14651858.CD007263.pub3"	"Dilute versus full‐strength formula in exclusively formula‐fed preterm or low birth weight infants"	2019
"children_and_adults"	"10.1002/14651858.CD010541.pub3"	"Surgery for epilepsy"	2019
"children_and_adults"	"10.1002/14651858.CD012065.pub3"	"Topiramate versus carbamazepine monotherapy for epilepsy: an individual participant data review"	2019
"children_and_adults"	"10.1002/14651858.CD013106.pub2"	"Radix Sophorae flavescentis versus other drugs or herbs for chronic hepatitis B"	2019
"children"	"10.1002/14651858.CD008223.pub3"	"Social skills training for attention deficit hyperactivity disorder (ADHD) in children aged 5 to 18 years"	2019
"children"	"10.1002/14651858.CD008414.pub3"	"Oral 5‐aminosalicylic acid for maintenance of surgically‐induced remission in Crohn's disease"	2019
"children_and_adults"	"10.1002/14651858.CD010678.pub3"	"Artemether for severe malaria"	2019
"children"	"10.1002/14651858.CD009354.pub5"	"Enzyme replacement therapy with laronidase (Aldurazyme®) for treating mucopolysaccharidosis type I"	2019
"children"	"10.1002/14651858.CD012941.pub2"	"Probiotics for preventing acute otitis media in children"	2019
"children"	"10.1002/14651858.CD011695.pub2"	"Nutritional interventions for preventing stunting in children (birth to 59 months) living in urban slums in low‐ and middle‐income countries (LMIC)"	2019
"children_and_adults"	"10.1002/14651858.CD012292.pub2"	"Environmental interventions to reduce the consumption of sugar‐sweetened beverages and their effects on health"	2019
"children"	"10.1002/14651858.CD010126.pub2"	"Inhaled corticosteroids in children with persistent asthma: effects of different drugs and delivery devices on growth"	2019
"children"	"10.1002/14651858.CD013171.pub2"	"Lipid emulsions for parenterally fed term and late preterm infants"	2019
"children"	"10.1002/14651858.CD012902.pub2"	"Route of antibiotic prophylaxis for prevention of cerebrospinal fluid‐shunt infection"	2019
"children"	"10.1002/14651858.CD013163.pub2"	"Lipid emulsions for parenterally fed preterm infants"	2019
"children"	"10.1002/14651858.CD004048.pub4"	"Lithium for acute mania"	2019
"children"	"10.1002/14651858.CD012625.pub2"	"Interventions for improving sleep quality in people with chronic kidney disease"	2019
"children"	"10.1002/14651858.CD012578.pub2"	"Interventions for promoting participation in shared decision‐making for children and adolescents with cystic fibrosis"	2019
"children"	"10.1002/14651858.CD009000.pub3"	"Ready‐to‐use therapeutic food (RUTF) for home‐based nutritional rehabilitation of severe acute malnutrition in children from six months to five years of age"	2019
"children"	"10.1002/14651858.CD007138.pub4"	"Enteral lactoferrin for the treatment of sepsis and necrotizing enterocolitis in neonates"	2019
"children_and_adults"	"10.1002/14651858.CD010068.pub2"	"Fortification of staple foods with vitamin A for vitamin A deficiency"	2019
"children"	"10.1002/14651858.CD009219.pub5"	"Medical interventions for the prevention of platinum‐induced hearing loss in children with cancer"	2019
"children"	"10.1002/14651858.CD012611.pub3"	"Preventive lipid‐based nutrient supplements given with complementary foods to infants and young children 6 to 23 months of age for health, nutrition, and developmental outcomes"	2019
"children_and_adults"	"10.1002/14651858.CD004780.pub4"	"Family therapy approaches for anorexia nervosa"	2019
"children"	"10.1002/14651858.CD012915.pub2"	"MVA85A vaccine to enhance BCG for preventing tuberculosis"	2019
"children"	"10.1002/14651858.CD004827.pub5"	"Probiotics for the prevention of pediatric antibiotic‐associated diarrhea"	2019
"children_and_adults"	"10.1002/14651858.CD009857.pub3"	"Interdental brushing for the prevention and control of periodontal diseases and dental caries in adults"	2019
"children"	"10.1002/14651858.CD012442.pub2"	"Anti‐GD2 antibody‐containing immunotherapy postconsolidation therapy for people with high‐risk neuroblastoma treated with autologous haematopoietic stem cell transplantation"	2019
"children"	"10.1002/14651858.CD012725.pub2"	"Types of materials for frontalis sling surgery for congenital ptosis"	2019
"children_and_adults"	"10.1002/14651858.CD011408.pub2"	"Haloperidol discontinuation for people with schizophrenia"	2019
"children"	"10.1002/14651858.CD011385.pub3"	"Antifibrinolytic therapy for preventing oral bleeding in patients with haemophilia or Von Willebrand disease undergoing minor oral surgery or dental extractions"	2019
"children"	"10.1002/14651858.CD009876.pub4"	"Eradication therapy for   Burkholderia cepacia complex in people with cystic fibrosis"	2019
"children"	"10.1002/14651858.CD008123.pub4"	"Medical treatment for botulism"	2019
"children"	"10.1002/14651858.CD008205.pub3"	"Hepatic late adverse effects after antineoplastic treatment for childhood cancer"	2019
"children_and_adults"	"10.1002/14651858.CD013283.pub2"	"First aid glucose administration routes for symptomatic hypoglycaemia"	2019
"children"	"10.1002/14651858.CD012018.pub2"	"Home use of interdental cleaning devices, in addition to toothbrushing, for preventing and controlling periodontal diseases and dental caries"	2019
"children"	"10.1002/14651858.CD001213.pub2"	"Interventions for guttate psoriasis"	2019
"children"	"10.1002/14651858.CD011118.pub3"	"Psychological therapies (remotely delivered) for the management of chronic and recurrent pain in children and adolescents"	2019
"children"	"10.1002/14651858.CD003498.pub4"	"Gluten‐ and casein‐free diets for autistic spectrum disorder"	2019
"children"	"10.1002/14651858.CD001534.pub4"	"Long‐term antibiotics for preventing recurrent urinary tract infection in children"	2019
"children_and_adults"	"10.1002/14651858.CD004149.pub3"	"Constraint‐induced movement therapy in children with unilateral cerebral palsy"	2019
"children"	"10.1002/14651858.CD012212.pub2"	"Supplemental perioperative intravenous crystalloids for postoperative nausea and vomiting"	2019
"children"	"10.1002/14651858.CD012836.pub2"	"Linezolid for drug‐resistant pulmonary tuberculosis"	2019
"children"	"10.1002/14651858.CD012287.pub2"	"Family‐based prevention programmes for alcohol use in young people"	2019
"children"	"10.1002/14651858.CD009660.pub4"	"Psychological interventions for parents of children and adolescents with chronic illness"	2019
"children"	"10.1002/14651858.CD004905.pub6"	"Multiple‐micronutrient supplementation for women during pregnancy"	2019
"children"	"10.1002/14651858.CD012473.pub2"	"Probiotics to prevent infantile colic"	2019
"children_and_adults"	"10.1002/14651858.CD008944.pub3"	"Early and late adverse renal effects after potentially nephrotoxic treatment for childhood cancer"	2019
"children"	"10.1002/14651858.CD001976.pub2"	"Antistreptococcal interventions for guttate and chronic plaque psoriasis"	2019
"children_and_adults"	"10.1002/14651858.CD010526.pub3"	"Dental cavity liners for Class I and Class II resin‐based composite restorations"	2019
"children"	"10.1002/14651858.CD011380.pub2"	"Interventions for infantile seborrhoeic dermatitis (including cradle cap)"	2019
"children_and_adults"	"10.1002/14651858.CD007868.pub3"	"Fluoride toothpastes of different concentrations for preventing dental caries"	2019
"children_and_adults"	"10.1002/14651858.CD012120.pub2"	"Physical exercise training for type 3 spinal muscular atrophy"	2019
"children"	"10.1002/14651858.CD011436.pub3"	"The use of ultrasound guidance for perioperative neuraxial and peripheral nerve blocks in children"	2019
"children"	"10.1002/14651858.CD004500.pub3"	"Positive end‐expiratory pressure for preterm infants requiring conventional mechanical ventilation for respiratory distress syndrome or bronchopulmonary dysplasia"	2019
"children"	"10.1002/14651858.CD005253.pub3"	"Iodine supplementation for the prevention of mortality and adverse neurodevelopmental outcomes in preterm infants"	2019
"children"	"10.1002/14651858.CD010406.pub3"	"Corticosteroids as adjunctive therapy in the treatment of influenza"	2019
"children"	"10.1002/14651858.CD012240.pub2"	"Education of family members to support weaning to solids and nutrition in infants born preterm"	2019
"children_and_adults"	"10.1002/14651858.CD007857.pub3"	"Parenteral versus oral iron therapy for adults and children with chronic kidney disease"	2019
"children"	"10.1002/14651858.CD001532.pub5"	"Interventions for primary vesicoureteric reflux"	2019
"children"	"10.1002/14651858.CD012818.pub2"	"Effectiveness of provision of animal‐source foods for supporting optimal growth and development in children 6 to 59 months of age"	2019
"children"	"10.1002/14651858.CD012071.pub2"	"Antibiotic treatment for newborns with congenital syphilis"	2019
"children_and_adults"	"10.1002/14651858.CD010734.pub2"	"Iodine fortification of foods and condiments, other than salt, for preventing iodine deficiency disorders"	2019
"children"	"10.1002/14651858.CD012839.pub2"	"Dietary interventions for induction and maintenance of remission in inflammatory bowel disease"	2019
"children"	"10.1002/14651858.CD004153.pub3"	"Ozone therapy for the treatment of dental caries"	2019
"children"	"10.1002/14651858.CD006542.pub3"	"Interventions for treating traumatised permanent front teeth: avulsed (knocked out) and replanted"	2019
"children"	"10.1002/14651858.CD011724.pub3"	"Needle aspiration versus intercostal tube drainage for pneumothorax in the newborn"	2019
"children_and_adults"	"10.1002/14651858.CD009218.pub3"	"Intermittent iron supplementation for reducing anaemia and its associated impairments in adolescent and adult menstruating women"	2019
"children_and_adults"	"10.1002/14651858.CD012621.pub2"	"Phosphodiesterase 5 inhibitors for pulmonary hypertension"	2019
"children"	"10.1002/14651858.CD009768.pub2"	"Mesenchymal stromal cells as treatment or prophylaxis for acute or chronic graft‐versus‐host disease in haematopoietic stem cell transplant (HSCT) recipients with a haematological condition"	2019
"children"	"10.1002/14651858.CD011651.pub2"	"School‐based self‐management interventions for asthma in children and adolescents: a mixed methods systematic review"	2019
"children_and_adults"	"10.1002/14651858.CD008940.pub3"	"Pharmacotherapies for cannabis dependence"	2019
"children"	"10.1002/14651858.CD010871.pub2"	"Antibiotics for treating urogenital   Chlamydia trachomatis infection in men and non‐pregnant women"	2019
"children_and_adults"	"10.1002/14651858.CD009363.pub3"	"Surgical versus conservative interventions for treating fractures of the middle third of the clavicle"	2019
"children_and_adults"	"10.1002/14651858.CD012167.pub2"	"Oral H1 antihistamines as ‘add‐on’ therapy to topical treatment for eczema"	2019
"children_and_adults"	"10.1002/14651858.CD010827.pub2"	"Inpatient versus outpatient care, partial hospitalisation and waiting list for people with eating disorders"	2019
"children"	"10.1002/14651858.CD006583.pub5"	"Laparoscopic entry techniques"	2019
"children"	"10.1002/14651858.CD011825.pub2"	"Adverse events in people taking macrolide antibiotics versus placebo for any indication"	2019
"children_and_adults"	"10.1002/14651858.CD003179.pub2"	"Adrenaline and vasopressin for cardiac arrest"	2019
"children"	"10.1002/14651858.CD012819.pub2"	"Postoperative epidural analgesia versus systemic analgesia for thoraco‐lumbar spine surgery in children"	2019
"children"	"10.1002/14651858.CD006085.pub3"	"Antiamoebic drugs for treating amoebic colitis"	2019
"children"	"10.1002/14651858.CD003753.pub4"	"Albendazole alone or in combination with microfilaricidal drugs for lymphatic filariasis"	2019
"children_and_adults"	"10.1002/14651858.CD009841.pub3"	"Potentiators (specific therapies for class III and IV mutations) for cystic fibrosis"	2019
"children"	"10.1002/14651858.CD010277.pub3"	"Chest physiotherapy for pneumonia in children"	2019
"children"	"10.1002/14651858.CD013093.pub2"	"Betahistine for tinnitus"	2018
"children"	"10.1002/14651858.CD010649.pub2"	"Pro‐coagulant haemostatic factors for the prevention and treatment of bleeding in people without haemophilia"	2018
"children_and_adults"	"10.1002/14651858.CD010801.pub3"	"Transfusion of red blood cells stored for shorter versus longer duration for all conditions"	2018
"children"	"10.1002/14651858.CD012488.pub2"	"Psychological therapies for anxiety and depression in children and adolescents with long‐term physical conditions"	2018
"children_and_adults"	"10.1002/14651858.CD010187.pub2"	"Fortification of maize flour with iron for controlling anaemia and iron deficiency in populations"	2018
"children"	"10.1002/14651858.CD012470.pub2"	"Interventions for treating wrist fractures in children"	2018
"children"	"10.1002/14651858.CD013230"	"First aid interventions by laypeople for acute oral poisoning"	2018
"children"	"10.1002/14651858.CD003877.pub5"	"Sedation of children undergoing dental treatment"	2018
"children_and_adults"	"10.1002/14651858.CD013228"	"Short‐acting insulin analogues versus regular human insulin for adult, non‐pregnant persons with type 2 diabetes mellitus"	2018
"children"	"10.1002/14651858.CD011654.pub2"	"Fly control to prevent diarrhoea in children"	2018
"children"	"10.1002/14651858.CD012519.pub2"	"Maternal probiotic supplementation for prevention of morbidity and mortality in preterm infants"	2018
"children_and_adults"	"10.1002/14651858.CD010593.pub2"	"Liberal versus conservative fluid therapy in adults and children with sepsis or septic shock"	2018
"children"	"10.1002/14651858.CD006975.pub4"	"Vaccines for preventing invasive salmonella infections in people with sickle cell disease"	2018
"children"	"10.1002/14651858.CD009458.pub3"	"Oral and intrauterine progestogens for atypical endometrial hyperplasia"	2018
"children_and_adults"	"10.1002/14651858.CD006922.pub4"	"Inhaled steroids with and without regular salmeterol for asthma: serious adverse events"	2018
"children"	"10.1002/14651858.CD003819.pub3"	"Iodine supplementation for preventing iodine deficiency disorders in children"	2018
"children_and_adults"	"10.1002/14651858.CD001546.pub4"	"Laparoscopic versus open surgery for suspected appendicitis"	2018
"children_and_adults"	"10.1002/14651858.CD009435.pub2"	"Oral isotretinoin for acne"	2018
"children_and_adults"	"10.1002/14651858.CD006135.pub3"	"Probiotics for treating eczema"	2018
"children"	"10.1002/14651858.CD012125.pub2"	"Corticosteroids for septic arthritis in children"	2018
"children"	"10.1002/14651858.CD011353.pub2"	"Omega‐3 fatty acids for dialysis vascular access outcomes in patients with chronic kidney disease"	2018
"children"	"10.1002/14651858.CD003402.pub3"	"Omega‐3 fatty acid addition during pregnancy"	2018
"children_and_adults"	"10.1002/14651858.CD009115.pub3"	"Phonics training for English‐speaking poor readers"	2018
"children"	"10.1002/14651858.CD010559.pub2"	"Moxibustion for alleviating side effects of chemotherapy or radiotherapy in people with cancer"	2018
"children_and_adults"	"10.1002/14651858.CD009771.pub3"	"Protocol‐directed sedation versus non‐protocol‐directed sedation in mechanically ventilated intensive care adults and children"	2018
"children"	"10.1002/14651858.CD006495.pub5"	"Antiretroviral resistance testing in HIV‐positive people"	2018
"children_and_adults"	"10.1002/14651858.CD000363.pub3"	"Insecticide‐treated nets for preventing malaria"	2018
"children"	"10.1002/14651858.CD012324.pub2"	"Communication interventions for autism spectrum disorder in minimally verbal children"	2018
"children"	"10.1002/14651858.CD001484.pub4"	"Graduated compression stockings for prevention of deep vein thrombosis"	2018
"children"	"10.1002/14651858.CD012315.pub2"	"Caseworker‐assigned discharge plans to prevent hospital readmission for acute exacerbations in children with chronic respiratory illness"	2018
"children"	"10.1002/14651858.CD012689.pub2"	"Insecticide space spraying for preventing malaria transmission"	2018
"children"	"10.1002/14651858.CD008153.pub4"	"Subpial transection surgery for epilepsy"	2018
"children_and_adults"	"10.1002/14651858.CD007447.pub2"	"One‐to‐one oral hygiene advice provided in a dental setting for oral health"	2018
"children_and_adults"	"10.1002/14651858.CD007554.pub3"	"Biocompatible dialysis fluids for peritoneal dialysis"	2018
"children_and_adults"	"10.1002/14651858.CD001904.pub4"	"Carbamazepine versus phenobarbitone monotherapy for epilepsy: an individual participant data review"	2018
"children"	"10.1002/14651858.CD003615.pub4"	"Oxcarbazepine versus phenytoin monotherapy for epilepsy: an individual participant data review"	2018
"children"	"10.1002/14651858.CD011224.pub2"	"Leukotriene receptor antagonists for eczema"	2018
"children"	"10.1002/14651858.CD003664.pub6"	"Infant formulas containing hydrolysed protein for prevention of allergic disease"	2018
"children"	"10.1002/14651858.CD003426.pub6"	"Drugs for preventing red blood cell dehydration in people with sickle cell disease"	2018
"children_and_adults"	"10.1002/14651858.CD009068.pub3"	"Interventions for preventing and treating cardiac complications in Duchenne and Becker muscular dystrophy and X‐linked dilated cardiomyopathy"	2018
"children"	"10.1002/14651858.CD012089.pub2"	"Parent‐mediated interventions for promoting communication and language development in young children with Down syndrome"	2018
"children"	"10.1002/14651858.CD003483.pub3"	"Naloxone for opioid‐exposed newborn infants"	2018
"children"	"10.1002/14651858.CD011029.pub2"	"Dietary modifications for infantile colic"	2018
"children_and_adults"	"10.1002/14651858.CD010703.pub2"	"Eszopiclone for insomnia"	2018
"children_and_adults"	"10.1002/14651858.CD009927.pub2"	"Individual‐, family‐, and school‐level interventions targeting multiple risk behaviours in young people"	2018
"children_and_adults"	"10.1002/14651858.CD005179.pub4"	"Psychological interventions for needle‐related procedural pain and distress in children and adolescents"	2018
"children"	"10.1002/14651858.CD003968.pub5"	"Psychological therapies for the management of chronic and recurrent pain in children and adolescents"	2018
"children"	"10.1002/14651858.CD001059.pub5"	"Calcium supplementation during pregnancy for preventing hypertensive disorders and related problems"	2018
"children_and_adults"	"10.1002/14651858.CD002150.pub2"	"Antibiotics for treating scrub typhus"	2018
"children"	"10.1002/14651858.CD011798.pub2"	"Insulin and glucose‐lowering agents for treating people with diabetes and chronic kidney disease"	2018
"children_and_adults"	"10.1002/14651858.CD012779.pub2"	"Prophylactic platelet transfusions prior to surgery for people with a low platelet count"	2018
"children_and_adults"	"10.1002/14651858.CD012453.pub2"	"Topical and systemic antifungal therapy for chronic rhinosinusitis"	2018
"children"	"10.1002/14651858.CD011921.pub2"	"Oropharyngeal colostrum in preventing mortality and morbidity in preterm infants"	2018
"children_and_adults"	"10.1002/14651858.CD009070.pub2"	"Short‐course versus long‐course therapy of the same antibiotic for community‐acquired pneumonia in adolescent and adult outpatients"	2018
"children"	"10.1002/14651858.CD008263.pub3"	"Topical and systemic antifungal therapy for the symptomatic treatment of chronic rhinosinusitis"	2018
"children_and_adults"	"10.1002/14651858.CD012590.pub2"	"Head‐to‐head trials of antibiotics for bronchiectasis"	2018
"children"	"10.1002/14651858.CD012610.pub2"	"Lipid‐based nutrient supplements for maternal, birth, and infant developmental outcomes"	2018
"children"	"10.1002/14651858.CD010954.pub2"	"Immunonutrition for patients undergoing surgery for head and neck cancer"	2018
"children"	"10.1002/14651858.CD010747.pub2"	"Autologous cells derived from different sources and administered using different regimens for 'no‐option' critical lower limb ischaemia patients"	2018
"children"	"10.1002/14651858.CD010791.pub2"	"Impact of medication reconciliation for improving transitions of care"	2018
"children"	"10.1002/14651858.CD012118.pub2"	"Drugs for treating Buruli ulcer (Mycobacterium ulcerans disease)"	2018
"children"	"10.1002/14651858.CD012753.pub2"	"Xenon as an adjuvant to therapeutic hypothermia in near‐term and term newborns with hypoxic‐ischaemic encephalopathy"	2018
"children"	"10.1002/14651858.CD011729.pub2"	"Client feedback in psychological therapy for children and adolescents with mental health problems"	2018
"children"	"10.1002/14651858.CD011199.pub3"	"Conjugate Haemophilus influenzae type b vaccines for sickle cell disease"	2018
"children_and_adults"	"10.1002/14651858.CD011784.pub3"	"Interventions for treating oro‐antral communications and fistulae due to dental procedures"	2018
"children"	"10.1002/14651858.CD012489.pub2"	"E‐Health interventions for anxiety and depression in children and adolescents with long‐term physical conditions"	2018
"children"	"10.1002/14651858.CD005984.pub3"	"Enteral nutrition for maintenance of remission in Crohn's disease"	2018
"children_and_adults"	"10.1002/14651858.CD010403.pub3"	"Maxillary distraction osteogenesis versus orthognathic surgery for cleft lip and palate patients"	2018
"children"	"10.1002/14651858.CD001769.pub4"	"Sodium valproate versus phenytoin monotherapy for epilepsy: an individual participant data review"	2018
"children_and_adults"	"10.1002/14651858.CD010720.pub3"	"Needle size for vaccination procedures in children and adolescents"	2018
"children"	"10.1002/14651858.CD006751.pub5"	"Vitamin A and beta (β)‐carotene supplementation for cystic fibrosis"	2018
"children"	"10.1002/14651858.CD005461.pub5"	"Effect of partograph use on outcomes for women in spontaneous labour at term and their babies"	2018
"children"	"10.1002/14651858.CD000567.pub7"	"Colloids versus crystalloids for fluid resuscitation in critically ill people"	2018
"children"	"10.1002/14651858.CD004822.pub3"	"Antibiotics for prolonged wet cough in children"	2018
"children"	"10.1002/14651858.CD011581.pub3"	"Treatment for chronic methicillin‐sensitive   Staphylococcus aureus pulmonary infection in people with cystic fibrosis"	2018
"children_and_adults"	"10.1002/14651858.CD012171.pub2"	"Ear drops for the removal of ear wax"	2018
"children"	"10.1002/14651858.CD012507.pub2"	"Parent‐mediated communication interventions for improving the communication skills of preschool children with non‐progressive motor disorders"	2018
"children"	"10.1002/14651858.CD004326.pub3"	"Ear drops for the removal of ear wax"	2018
"children"	"10.1002/14651858.CD007987.pub3"	"Parent training interventions for parents with intellectual disability"	2018
"children_and_adults"	"10.1002/14651858.CD009258.pub3"	"Clobazam monotherapy for focal or generalized seizures"	2018
"children"	"10.1002/14651858.CD012294.pub2"	"Ketorolac for postoperative pain in children"	2018
"children_and_adults"	"10.1002/14651858.CD011849.pub2"	"Psychological therapies for the treatment of mental disorders in low‐ and middle‐income countries affected by humanitarian crises"	2018
"children"	"10.1002/14651858.CD010221.pub3"	"Techniques to ascertain correct endotracheal tube placement in neonates"	2018
"children"	"10.1002/14651858.CD012960.pub2"	"Effects of total fat intake on bodyweight in children"	2018
"children"	"10.1002/14651858.CD012522.pub2"	"Negative pressure wound therapy for open traumatic wounds"	2018
"children"	"10.1002/14651858.CD012293.pub2"	"Antifibrinolytic therapy for preventing oral bleeding in people on anticoagulants undergoing minor oral surgery or dental extractions"	2018
"children_and_adults"	"10.1002/14651858.CD009567.pub2"	"Interventions for treating acute high altitude illness"	2018
"children_and_adults"	"10.1002/14651858.CD002922.pub4"	"Immunosuppressive treatment for proliferative lupus nephritis"	2018
"children"	"10.1002/14651858.CD010965.pub2"	"Interventions for chronic non‐hypovolaemic hypotonic hyponatraemia"	2018
"children_and_adults"	"10.1002/14651858.CD001031.pub4"	"Lamotrigine versus carbamazepine monotherapy for epilepsy: an individual participant data review"	2018
"children"	"10.1002/14651858.CD007990.pub3"	"Pharmacological treatment for attention deficit hyperactivity disorder (ADHD) in children with comorbid tic disorders"	2018
"children"	"10.1002/14651858.CD012141.pub2"	"Early planned removal versus expectant management of peripherally inserted central catheters to prevent infection in newborn infants"	2018
"children_and_adults"	"10.1002/14651858.CD002741.pub2"	"Antibiotics for exacerbations of asthma"	2018
"children_and_adults"	"10.1002/14651858.CD012597.pub2"	"Saline irrigation for allergic rhinitis"	2018
"children_and_adults"	"10.1002/14651858.CD007105.pub4"	"Local anaesthetics and regional anaesthesia versus conventional analgesia for preventing persistent postoperative pain in adults and children"	2018
"children_and_adults"	"10.1002/14651858.CD004359.pub2"	"Nurse‐led versus doctor‐led care for bronchiectasis"	2018
"children"	"10.1002/14651858.CD006650.pub5"	"Anticoagulation for the long‐term treatment of venous thromboembolism in people with cancer"	2018
"children"	"10.1002/14651858.CD009421.pub4"	"Immunosuppressive drug therapy for preventing rejection following lung transplantation in cystic fibrosis"	2018
"children_and_adults"	"10.1002/14651858.CD012514.pub2"	"Dual antibiotics for bronchiectasis"	2018
"children"	"10.1002/14651858.CD012713.pub2"	"Ribavirin for treating Crimean Congo haemorrhagic fever"	2018
"children_and_adults"	"10.1002/14651858.CD012733.pub2"	"Continuous versus intermittent antibiotics for bronchiectasis"	2018
"children_and_adults"	"10.1002/14651858.CD012629.pub2"	"Intramuscular versus oral corticosteroids to reduce relapses following discharge from the emergency department for acute asthma"	2018
"children_and_adults"	"10.1002/14651858.CD006468.pub6"	"Anticoagulation for people with cancer and central venous catheters"	2018
"children_and_adults"	"10.1002/14651858.CD001261.pub4"	"Vaccines for preventing typhoid fever"	2018
"children"	"10.1002/14651858.CD003220.pub3"	"Pulp treatment for extensive decay in primary teeth"	2018
"children"	"10.1002/14651858.CD006278.pub3"	"Interventions for childhood apraxia of speech"	2018
"children_and_adults"	"10.1002/14651858.CD010821.pub2"	"Neuromuscular electrostimulation for adults with chronic obstructive pulmonary disease"	2018
"children"	"10.1002/14651858.CD011943.pub2"	"Mirtazapine adjunct for people with schizophrenia"	2018
"children"	"10.1002/14651858.CD011768.pub2"	"Educational interventions for improving primary caregiver complementary feeding practices for children aged 24 months and under"	2018
"children_and_adults"	"10.1002/14651858.CD000996.pub3"	"Inhaled corticosteroids for bronchiectasis"	2018
"children"	"10.1002/14651858.CD012430.pub2"	"Trihexyphenidyl for dystonia in cerebral palsy"	2018
"children_and_adults"	"10.1002/14651858.CD011341.pub2"	"Cyclamen europaeum extract for acute sinusitis"	2018
"children_and_adults"	"10.1002/14651858.CD012069.pub2"	"Methylphenidate for attention deficit hyperactivity disorder (ADHD) in children and adolescents – assessment of adverse events in non‐randomised studies"	2018
"children"	"10.1002/14651858.CD009260.pub3"	"Early intensive behavioral intervention (EIBI) for young children with autism spectrum disorders (ASD)"	2018
"children"	"10.1002/14651858.CD012017.pub2"	"Grommets (ventilation tubes) for recurrent acute otitis media in children"	2018
"children"	"10.1002/14651858.CD010038.pub3"	"Face‐to‐face interventions for informing or educating parents about early childhood vaccination"	2018
"children"	"10.1002/14651858.CD010239.pub2"	"Lower versus higher oxygen concentrations titrated to target oxygen saturations during resuscitation of preterm infants at birth"	2018
"children_and_adults"	"10.1002/14651858.CD011980.pub3"	"Use of platelet transfusions prior to lumbar punctures or epidural anaesthesia for the prevention of complications in people with thrombocytopenia"	2018
"children"	"10.1002/14651858.CD009313.pub2"	"Cyclodestructive procedures for non‐refractory glaucoma"	2018
"children"	"10.1002/14651858.CD011526.pub2"	"Smectite for acute infectious diarrhoea in children"	2018
"children"	"10.1002/14651858.CD006545.pub3"	"Interventions for infantile haemangiomas of the skin"	2018
"children"	"10.1002/14651858.CD007094.pub5"	"Honey for acute cough in children"	2018
"children_and_adults"	"10.1002/14651858.CD007606.pub4"	"Glucocorticosteroid‐free versus glucocorticosteroid‐containing immunosuppression for liver transplanted patients"	2018
"children"	"10.1002/14651858.CD004741.pub3"	"Grommets (ventilation tubes) for recurrent acute otitis media in children"	2018
"children"	"10.1002/14651858.CD010597.pub2"	"Antimicrobial lock solutions for preventing catheter‐related infections in haemodialysis"	2018
"children"	"10.1002/14651858.CD008133.pub2"	"Contracting out to improve the use of clinical health services and health outcomes in low‐ and middle‐income countries"	2018
"children"	"10.1002/14651858.CD012994"	"Ivermectin and permethrin for treating scabies"	2018
"children_and_adults"	"10.1002/14651858.CD010410.pub3"	"Low dose naltrexone for induction of remission in Crohn's disease"	2018
"children"	"10.1002/14651858.CD000542.pub3"	"Enteral nutritional therapy for induction of remission in Crohn's disease"	2018
"children_and_adults"	"10.1002/14651858.CD012579.pub2"	"Oral versus inhaled antibiotics for bronchiectasis"	2018
"children_and_adults"	"10.1002/14651858.CD010754.pub2"	"Early intervention (mobilization or active exercise) for critically ill adults in the intensive care unit"	2018
"children"	"10.1002/14651858.CD012261.pub2"	"Nutritional supplements for patients being treated for active visceral leishmaniasis"	2018
"children"	"10.1002/14651858.CD011429.pub2"	"Vascular access specialist teams for device insertion and prevention of failure"	2018
"children"	"10.1002/14651858.CD003313.pub2"	"Immunoglobulin for alloimmune hemolytic disease in neonates"	2018
"children"	"10.1002/14651858.CD011130.pub3"	"Folate supplementation in people with sickle cell disease"	2018
"children_and_adults"	"10.1002/14651858.CD012406.pub2"	"Macrolide antibiotics for bronchiectasis"	2018
"children"	"10.1002/14651858.CD003314.pub3"	"Laryngeal mask airway versus bag‐mask ventilation or endotracheal intubation for neonatal resuscitation"	2018
"children"	"10.1002/14651858.CD012289.pub2"	"Systemic corticosteroids for acute otitis media in children"	2018
"children"	"10.1002/14651858.CD011754.pub2"	"The Neonatal Behavioral Assessment Scale (NBAS) and Newborn Behavioral Observations (NBO) system for supporting caregivers and improving outcomes in caregivers and their infants"	2018
"children"	"10.1002/14651858.CD003452.pub4"	"Orthodontic treatment for prominent upper front teeth (Class II malocclusion) in children and adolescents"	2018
"children"	"10.1002/14651858.CD012983"	"Interventions for preventing high altitude illness: Part 2. Less commonly‐used drugs"	2018
"children"	"10.1002/14651858.CD010297.pub3"	"Standard (head‐down tilt) versus modified (without head‐down tilt) postural drainage in infants and young children with cystic fibrosis"	2018
"children"	"10.1002/14651858.CD012491.pub2"	"Provision of respiratory support compared to no respiratory support before cord clamping for preterm infants"	2018
"children"	"10.1002/14651858.CD012393.pub2"	"Interventions for autumn exacerbations of asthma in children"	2018
"children"	"10.1002/14651858.CD010512.pub2"	"Endovascular revascularisation versus conservative management for intermittent claudication"	2018
"children"	"10.1002/14651858.CD004621.pub4"	"Extraction of primary (baby) teeth for unerupted palatally displaced permanent canine teeth in children"	2018
"children"	"10.1002/14651858.CD012181.pub2"	"Antibiotics at the time of removal of central venous catheter to reduce morbidity and mortality in newborn infants"	2018
"children"	"10.1002/14651858.CD005949.pub2"	"Higher versus lower amino acid intake in parenteral nutrition for newborn infants"	2018
"children"	"10.1002/14651858.CD011930.pub3"	"Interventions for treating post‐extraction bleeding"	2018
"children"	"10.1002/14651858.CD011893.pub2"	"Beta‐blockers for prevention and treatment of retinopathy of prematurity in preterm infants"	2018
"children"	"10.1002/14651858.CD009728.pub4"	"Physical activity, diet and other behavioural interventions for improving cognition and school achievement in children and adolescents with obesity or overweight"	2018
"children"	"10.1002/14651858.CD005101.pub4"	"Slow‐release fluoride devices for the control of dental decay"	2018
"children"	"10.1002/14651858.CD009315.pub2"	"Nutritional labelling for healthier food or non‐alcoholic drink purchasing and consumption"	2018
"children"	"10.1002/14651858.CD011417.pub2"	"Prostaglandin E1 for maintaining ductal patency in neonates with ductal‐dependent cardiac lesions"	2018
"children_and_adults"	"10.1002/14651858.CD009820.pub3"	"Welfare‐to‐work interventions and their effects on the mental and physical health of lone parents and their children"	2018
"children_and_adults"	"10.1002/14651858.CD011240.pub2"	"BIS monitoring versus clinical assessment for sedation in mechanically ventilated adults in the intensive care unit and its impact on clinical outcomes and resource utilization"	2018
"children"	"10.1002/14651858.CD005023.pub3"	"Vision screening for correctable visual acuity deficits in school‐age children and adolescents"	2018
"children"	"10.1002/14651858.CD004210.pub5"	"Interventions to prevent hypothermia at birth in preterm and/or low birth weight infants"	2018
"children"	"10.1002/14651858.CD011595.pub2"	"Mosquito repellents for malaria prevention"	2018
"children_and_adults"	"10.1002/14651858.CD008806.pub3"	"Osmotic therapies added to antibiotics for acute bacterial meningitis"	2018
"children"	"10.1002/14651858.CD008342.pub2"	"Prophylactic vitamin K for the prevention of vitamin K deficiency bleeding in preterm neonates"	2018
"children_and_adults"	"10.1002/14651858.CD008152.pub5"	"Primaquine or other 8‐aminoquinolines for reducing   Plasmodium falciparum transmission"	2018
"children"	"10.1002/14651858.CD004879.pub5"	"Vaccines for preventing influenza in healthy children"	2018
"children"	"10.1002/14651858.CD005972.pub4"	"Orthodontic treatment for deep bite and retroclined upper front teeth in children"	2018
"children"	"10.1002/14651858.CD011357.pub2"	"Antibiotics for asymptomatic bacteriuria in kidney transplant recipients"	2018
"children"	"10.1002/14651858.CD001746.pub4"	"Family and carer smoking control programmes for reducing children's exposure to environmental tobacco smoke"	2018
"children_and_adults"	"10.1002/14651858.CD011455.pub2"	"Early versus late ureteric stent removal after kidney transplantation"	2018
"children_and_adults"	"10.1002/14651858.CD010219.pub2"	"Selective noradrenaline reuptake inhibitors for schizophrenia"	2018
"children"	"10.1002/14651858.CD011057.pub2"	"Risperidone versus other antipsychotics for people with severe mental illness and co‐occurring substance misuse"	2018
"children"	"10.1002/14651858.CD012788.pub2"	"Intraoperative imaging technology to maximise extent of resection for glioma"	2018
"children_and_adults"	"10.1002/14651858.CD003941.pub3"	"Patient reminder and recall interventions to improve immunization rates"	2018
"children_and_adults"	"10.1002/14651858.CD010947.pub2"	"Cerebral near‐infrared spectroscopy (NIRS) for perioperative monitoring of brain oxygenation in children and adults"	2018
"children"	"10.1002/14651858.CD012042.pub2"	"Providing physicians with feedback on medication adherence for people with chronic diseases taking long‐term medication"	2018
"children"	"10.1002/14651858.CD001905.pub3"	"Drug management for acute tonic‐clonic convulsions including convulsive status epilepticus in children"	2018
"children"	"10.1002/14651858.CD009734.pub3"	"Anti‐vascular endothelial growth factor (VEGF) drugs for treatment of retinopathy of prematurity"	2018
"children"	"10.1002/14651858.CD012285.pub2"	"Botulinum toxin for motor and phonic tics in Tourette's syndrome"	2018
"children"	"10.1002/14651858.CD008017.pub5"	"Embolisation for pulmonary arteriovenous malformation"	2018
"children_and_adults"	"10.1002/14651858.CD006123.pub3"	"Fitness training for cardiorespiratory conditioning after traumatic brain injury"	2017
"children_and_adults"	"10.1002/14651858.CD009986.pub2"	"Elevation of the head during intensive care management in people with severe traumatic brain injury"	2017
"children_and_adults"	"10.1002/14651858.CD010470.pub3"	"Interventions for managing taste disturbances"	2017
"children"	"10.1002/14651858.CD012102.pub2"	"Long‐acting inhaled bronchodilators for cystic fibrosis"	2017
"children_and_adults"	"10.1002/14651858.CD009789.pub2"	"Antioxidants for preventing and reducing muscle soreness after exercise"	2017
"children"	"10.1002/14651858.CD007720.pub3"	"Corticosteroids for pneumonia"	2017
"children"	"10.1002/14651858.CD008090.pub3"	"Larvivorous fish for preventing malaria transmission"	2017
"children"	"10.1002/14651858.CD003211.pub2"	"Feed thickener for infants up to six months of age with gastro‐oesophageal reflux"	2017
"children"	"10.1002/14651858.CD003054.pub4"	"Diet, physical activity or both for prevention or delay of type 2 diabetes mellitus and its associated complications in people at increased risk of developing type 2 diabetes mellitus"	2017
"children"	"10.1002/14651858.CD007963.pub3"	"Oxcarbazepine for neuropathic pain"	2017
"children_and_adults"	"10.1002/14651858.CD005067.pub5"	"Interventions for Old World cutaneous leishmaniasis"	2017
"children_and_adults"	"10.1002/14651858.CD000984.pub3"	"Interventions to change the behaviour of health professionals and the organisation of care to promote weight reduction in children and adults with overweight or obesity"	2017
"children"	"10.1002/14651858.CD002062.pub4"	"Corticosteroids for chronic inflammatory demyelinating polyradiculoneuropathy"	2017
"children_and_adults"	"10.1002/14651858.CD011990.pub2"	"Interventions for preventing oral mucositis in patients with cancer receiving treatment: cytokines and growth factors"	2017
"children"	"10.1002/14651858.CD011432.pub2"	"Interventions to increase tuberculosis case detection at primary healthcare or community‐level services"	2017
"children_and_adults"	"10.1002/14651858.CD003898.pub6"	"Inhaled magnesium sulfate in the treatment of acute asthma"	2017
"children_and_adults"	"10.1002/14651858.CD012447.pub2"	"Surgical interventions for vertical strabismus in superior oblique palsy"	2017
"children_and_adults"	"10.1002/14651858.CD012035.pub2"	"Thrombopoietin receptor agonists for prevention and treatment of chemotherapy‐induced thrombocytopenia in patients with solid tumours"	2017
"children"	"10.1002/14651858.CD009666.pub2"	"Point‐of‐use fortification of foods with micronutrient powders containing iron in children of preschool and school‐age"	2017
"children"	"10.1002/14651858.CD008929.pub2"	"Interventions for managing skeletal muscle spasticity following traumatic brain injury"	2017
"children"	"10.1002/14651858.CD011144.pub2"	"Methylphenidate for children and adolescents with autism spectrum disorder"	2017
"children"	"10.1002/14651858.CD011539.pub2"	"Enzyme replacement therapy for infantile‐onset Pompe disease"	2017
"children"	"10.1002/14651858.CD011954.pub2"	"Cuffed versus uncuffed endotracheal tubes for general anaesthesia in children aged eight years and under"	2017
"children_and_adults"	"10.1002/14651858.CD003289.pub6"	"Tobacco cessation interventions for young people"	2017
"children_and_adults"	"10.1002/14651858.CD004517.pub3"	"Music therapy for depression"	2017
"children"	"10.1002/14651858.CD011932.pub2"	"Mesenchymal stem cells for the prevention and treatment of bronchopulmonary dysplasia in preterm infants"	2017
"children"	"10.1002/14651858.CD011252.pub2"	"Medical and dietary interventions for preventing recurrent urinary stones in children"	2017
"children"	"10.1002/14651858.CD011770.pub2"	"Dexamethasone as an adjuvant to peripheral nerve block"	2017
"children_and_adults"	"10.1002/14651858.CD011103.pub2"	"Beta‐blockers for preventing aortic dissection in Marfan syndrome"	2017
"children"	"10.1002/14651858.CD008727.pub4"	"Hypothalamic‐pituitary‐adrenal (HPA) axis suppression after treatment with glucocorticoid therapy for childhood acute lymphoblastic leukaemia"	2017
"children_and_adults"	"10.1002/14651858.CD006491.pub4"	"Mefloquine for preventing malaria during travel to endemic areas"	2017
"children"	"10.1002/14651858.CD012234.pub2"	"Intracavity lavage and wound irrigation for prevention of surgical site infection"	2017
"children"	"10.1002/14651858.CD012251.pub2"	"Neurally adjusted ventilatory assist compared to other forms of triggered ventilation for neonatal respiratory support"	2017
"children_and_adults"	"10.1002/14651858.CD011850.pub2"	"Fluoride supplementation (with tablets, drops, lozenges or chewing gum) in pregnant women for preventing dental caries in the primary teeth of their children"	2017
"children_and_adults"	"10.1002/14651858.CD001206.pub3"	"Pharmacotherapy for social anxiety disorder (SAnD)"	2017
"children"	"10.1002/14651858.CD006974.pub4"	"Hematopoietic stem cell transplantation for Gaucher disease"	2017
"children"	"10.1002/14651858.CD002058.pub3"	"Inhaled versus systemic corticosteroids for preventing bronchopulmonary dysplasia in ventilated very low birth weight preterm neonates"	2017
"children"	"10.1002/14651858.CD010089.pub3"	"Influenza vaccines for preventing acute otitis media in infants and children"	2017
"children"	"10.1002/14651858.CD003666.pub4"	"Volume‐targeted versus pressure‐limited ventilation in neonates"	2017
"children"	"10.1002/14651858.CD002057.pub4"	"Inhaled versus systemic corticosteroids for the treatment of bronchopulmonary dysplasia in ventilated very low birth weight preterm infants"	2017
"children"	"10.1002/14651858.CD007498.pub3"	"Procalcitonin to initiate or discontinue antibiotics in acute respiratory tract infections"	2017
"children"	"10.1002/14651858.CD011048.pub2"	"Prophylactic intravenous calcium therapy for exchange blood transfusion in the newborn"	2017
"children"	"10.1002/14651858.CD008032.pub3"	"Short‐course versus long‐course intravenous therapy with the same antibiotic for severe community‐acquired pneumonia in children aged two months to 59 months"	2017
"children"	"10.1002/14651858.CD012142.pub2"	"Early planned removal of umbilical venous catheters to prevent infection in newborn infants"	2017
"children"	"10.1002/14651858.CD010782.pub2"	"Anticonvulsants for fibromyalgia"	2017
"children"	"10.1002/14651858.CD010235.pub3"	"The role of high‐frequency oscillations in epilepsy surgery planning"	2017
"children_and_adults"	"10.1002/14651858.CD001524.pub3"	"Yoga for epilepsy"	2017
"children_and_adults"	"10.1002/14651858.CD012330.pub2"	"Shared decision‐making for people with asthma"	2017
"children"	"10.1002/14651858.CD011367.pub2"	"Intravenous immunoglobulin for the treatment of childhood encephalitis"	2017
"children"	"10.1002/14651858.CD011441.pub2"	"Bypassing agent prophylaxis in people with hemophilia A or B with inhibitors"	2017
"children"	"10.1002/14651858.CD000279.pub4"	"Strategies for detecting colon cancer in patients with inflammatory bowel disease"	2017
"children_and_adults"	"10.1002/14651858.CD004711.pub3"	"Heat and moisture exchangers versus heated humidifiers for mechanically ventilated adults and children"	2017
"children"	"10.1002/14651858.CD000526.pub2"	"Interventions for treating tuberculous pericarditis"	2017
"children_and_adults"	"10.1002/14651858.CD000222.pub4"	"Ursodeoxycholic acid for cystic fibrosis‐related liver disease"	2017
"children_and_adults"	"10.1002/14651858.CD010723.pub2"	"Probiotics for preventing urinary tract infection in people with neuropathic bladder"	2017
"children_and_adults"	"10.1002/14651858.CD011572.pub2"	"Placebo response and remission rates in randomised trials of induction and maintenance therapy for ulcerative colitis"	2017
"children"	"10.1002/14651858.CD003648.pub4"	"Vitamin A supplements for reducing mother‐to‐child HIV transmission"	2017
"children_and_adults"	"10.1002/14651858.CD007078.pub5"	"Internet‐based interventions for smoking cessation"	2017
"children"	"10.1002/14651858.CD011506.pub2"	"Cerebral near‐infrared spectroscopy monitoring for prevention of brain injury in very preterm infants"	2017
"children"	"10.1002/14651858.CD006418.pub3"	"Isoniazid for preventing tuberculosis in HIV‐infected children"	2017
"children"	"10.1002/14651858.CD001728.pub6"	"Heated, humidified air for the common cold"	2017
"children"	"10.1002/14651858.CD010685.pub3"	"Retinoic acid postconsolidation therapy for high‐risk neuroblastoma patients treated with autologous haematopoietic stem cell transplantation"	2017
"children_and_adults"	"10.1002/14651858.CD005603.pub3"	"Tailored interventions based on sputum eosinophils versus clinical symptoms for asthma in children and adults"	2017
"children"	"10.1002/14651858.CD011609.pub2"	"Systemic antibiotics for treating malignant wounds"	2017
"children"	"10.1002/14651858.CD007122.pub4"	"Different strategies for diagnosing gestational diabetes to improve maternal and infant health"	2017
"children_and_adults"	"10.1002/14651858.CD006580.pub5"	"Culture‐specific programs for children and adults from minority groups who have asthma"	2017
"children_and_adults"	"10.1002/14651858.CD004619.pub3"	"Coblation versus other surgical techniques for tonsillectomy"	2017
"children"	"10.1002/14651858.CD009834.pub3"	"Antibiotics for persistent cough or wheeze following acute bronchiolitis in children"	2017
"children"	"10.1002/14651858.CD007476.pub3"	"Deferasirox for managing iron overload in people with thalassaemia"	2017
"children_and_adults"	"10.1002/14651858.CD007733.pub3"	"Aerosolized prostacyclins for acute respiratory distress syndrome (ARDS)"	2017
"children"	"10.1002/14651858.CD008559.pub3"	"Atypical antipsychotics for disruptive behaviour disorders in children and youths"	2017
"children_and_adults"	"10.1002/14651858.CD009904.pub2"	"Continuous erythropoiesis receptor activator (CERA) for the anaemia of chronic kidney disease"	2017
"children"	"10.1002/14651858.CD012536.pub2"	"Antiepileptic drugs for chronic non‐cancer pain in children and adolescents"	2017
"children"	"10.1002/14651858.CD012535.pub2"	"Antidepressants for chronic non‐cancer pain in children and adolescents"	2017
"children"	"10.1002/14651858.CD005494.pub4"	"Sildenafil for pulmonary hypertension in neonates"	2017
"children"	"10.1002/14651858.CD012539.pub2"	"Paracetamol (acetaminophen) for chronic non‐cancer pain in children and adolescents"	2017
"children"	"10.1002/14651858.CD012537.pub2"	"Non‐steroidal anti‐inflammatory drugs (NSAIDs) for chronic non‐cancer pain in children and adolescents"	2017
"children"	"10.1002/14651858.CD011312.pub3"	"Prophylactic levosimendan for the prevention of low cardiac output syndrome and mortality in paediatric patients undergoing surgery for congenital heart disease"	2017
"children"	"10.1002/14651858.CD011891.pub2"	"Fluid supplementation for neonatal unconjugated hyperbilirubinaemia"	2017
"children"	"10.1002/14651858.CD012744"	"Pharmacological interventions for preventing dry mouth and salivary gland dysfunction following radiotherapy"	2017
"children"	"10.1002/14651858.CD010914.pub2"	"Task‐oriented interventions for children with developmental co‐ordination disorder"	2017
"children"	"10.1002/14651858.CD001830.pub5"	"Pit and fissure sealants for preventing dental decay in permanent teeth"	2017
"children"	"10.1002/14651858.CD009377.pub3"	"Haloperidol for psychosis‐induced aggression or agitation (rapid tranquillisation)"	2017
"children_and_adults"	"10.1002/14651858.CD009072.pub3"	"Pathogen‐reduced platelets for the prevention of bleeding"	2017
"children"	"10.1002/14651858.CD009242.pub3"	"Treadmill interventions in children under six years of age at risk of neuromotor delay"	2017
"children"	"10.1002/14651858.CD007759.pub4"	"Manipulative interventions for reducing pulled elbow in young children"	2017
"children"	"10.1002/14651858.CD012538.pub2"	"Opioids for chronic non‐cancer pain in children and adolescents"	2017
"children"	"10.1002/14651858.CD012563.pub2"	"Non‐steroidal anti‐inflammatory drugs (NSAIDs) for cancer‐related pain in children and adolescents"	2017
"children"	"10.1002/14651858.CD004756.pub4"	"Polyclonal and monoclonal antibodies for treating acute rejection episodes in kidney transplant recipients"	2017
"children"	"10.1002/14651858.CD012564.pub2"	"Opioids for cancer‐related pain in children and adolescents"	2017
"children"	"10.1002/14651858.CD008404.pub3"	"Saline irrigation for the management of skin extravasation injury in neonates"	2017
"children_and_adults"	"10.1002/14651858.CD010031.pub2"	"Oral antifungal medication for toenail onychomycosis"	2017
"children"	"10.1002/14651858.CD011109.pub2"	"Probing for congenital nasolacrimal duct obstruction"	2017
"children_and_adults"	"10.1002/14651858.CD011821.pub2"	"Antiseptics for burns"	2017
"children_and_adults"	"10.1002/14651858.CD009467.pub2"	"Later school start times for supporting the education, health, and well‐being of high school students"	2017
"children"	"10.1002/14651858.CD006183.pub2"	"Antibiotics for neonates born through meconium‐stained amniotic fluid"	2017
"children_and_adults"	"10.1002/14651858.CD009761.pub2"	"Interventions for preventing high altitude illness: Part 1. Commonly‐used classes of drugs"	2017
"children"	"10.1002/14651858.CD011791.pub2"	"Orotracheal intubation in infants performed with a stylet versus without a stylet"	2017
"children"	"10.1002/14651858.CD012691"	"Diet, physical activity and behavioural interventions for the treatment of overweight or obese adolescents aged 12 to 17 years"	2017
"children"	"10.1002/14651858.CD012651"	"Diet, physical activity and behavioural interventions for the treatment of overweight or obese children from the age of 6 to 11 years"	2017
"children_and_adults"	"10.1002/14651858.CD012700"	"Aerobic exercise training for adults with fibromyalgia"	2017
"children"	"10.1002/14651858.CD011177.pub3"	"Zinc supplementation for the treatment of measles in children"	2017
"children"	"10.1002/14651858.CD007154.pub3"	"Hypnosis for children undergoing dental treatment"	2017
"children"	"10.1002/14651858.CD009758.pub2"	"Interventions for the prevention of recurrent erysipelas and cellulitis"	2017
"children"	"10.1002/14651858.CD005437.pub4"	"Pre‐admission antibiotics for suspected cases of meningococcal disease"	2017
"children"	"10.1002/14651858.CD005987.pub3"	"Scalpel versus electrosurgery for major abdominal incisions"	2017
"children_and_adults"	"10.1002/14651858.CD011660.pub2"	"Exercise interventions for cerebral palsy"	2017
"children"	"10.1002/14651858.CD003831.pub2"	"Celecoxib for rheumatoid arthritis"	2017
"children"	"10.1002/14651858.CD010137.pub2"	"Glucose targets for preventing diabetic kidney disease and its progression"	2017
"children"	"10.1002/14651858.CD012366.pub2"	"Focal laser treatment in addition to chemotherapy for retinoblastoma"	2017
"children"	"10.1002/14651858.CD008645.pub3"	"Incentives for preventing smoking in children and adolescents"	2017
"children_and_adults"	"10.1002/14651858.CD001006.pub3"	"Mass media interventions for preventing smoking in young people"	2017
"children"	"10.1002/14651858.CD006476.pub3"	"Management for intussusception in children"	2017
"children_and_adults"	"10.1002/14651858.CD007941.pub3"	"Comparison of first‐line chemotherapy including escalated BEACOPP versus chemotherapy including ABVD for people with early unfavourable or advanced stage Hodgkin lymphoma"	2017
"children"	"10.1002/14651858.CD011413.pub2"	"Videolaryngoscopy versus direct laryngoscopy for tracheal intubation in children (excluding neonates)"	2017
"children_and_adults"	"10.1002/14651858.CD003650.pub4"	"Micronutrient supplementation in adults with HIV infection"	2017
"children"	"10.1002/14651858.CD010483.pub4"	"Antiepileptic drugs for the treatment of infants with severe myoclonic epilepsy"	2017
"children_and_adults"	"10.1002/14651858.CD009237.pub2"	"Avoidance versus use of neuromuscular blocking agents for improving conditions during tracheal intubation or direct laryngoscopy in adults and adolescents"	2017
"children"	"10.1002/14651858.CD012462.pub2"	"Nasal decontamination for the prevention of surgical site infection in   Staphylococcus aureus carriers"	2017
"children"	"10.1002/14651858.CD004767.pub4"	"Interventions for cutaneous molluscum contagiosum"	2017
"children_and_adults"	"10.1002/14651858.CD011894.pub2"	"Family therapy for autism spectrum disorders"	2017
"children_and_adults"	"10.1002/14651858.CD012508.pub2"	"Tramadol with or without paracetamol (acetaminophen) for cancer pain"	2017
"children"	"10.1002/14651858.CD012468.pub2"	"Clonidine for sedation and analgesia for neonates receiving mechanical ventilation"	2017
"children"	"10.1002/14651858.CD012302.pub2"	"Laparoscopic surgery for elective abdominal aortic aneurysm repair"	2017
"children_and_adults"	"10.1002/14651858.CD000406.pub5"	"Oral calorie supplements for cystic fibrosis"	2017
"children"	"10.1002/14651858.CD010349.pub2"	"Iodine‐131‐meta‐iodobenzylguanidine therapy for patients with newly diagnosed high‐risk neuroblastoma"	2017
"children"	"10.1002/14651858.CD012331.pub2"	"Lay‐led and peer support interventions for adolescents with asthma"	2017
"children"	"10.1002/14651858.CD010332.pub2"	"Routine oro/nasopharyngeal suction versus no suction at birth"	2017
"children_and_adults"	"10.1002/14651858.CD012226.pub2"	"Interventions to improve adherence to inhaled steroids for asthma"	2017
"children_and_adults"	"10.1002/14651858.CD008216.pub5"	"Autologous hematopoietic stem cell transplantation following high‐dose chemotherapy for nonrhabdomyosarcoma soft tissue sarcomas"	2017
"children"	"10.1002/14651858.CD012255.pub2"	"Asthma education for school staff"	2017
"children"	"10.1002/14651858.CD011190.pub2"	"Effects of targeting lower versus higher arterial oxygen saturations on death or disability in preterm infants"	2017
"children"	"10.1002/14651858.CD004339.pub4"	"Arginine supplementation for prevention of necrotising enterocolitis in preterm infants"	2017
"children_and_adults"	"10.1002/14651858.CD011859.pub2"	"Personalised asthma action plans for adults with asthma"	2017
"children"	"10.1002/14651858.CD004679.pub3"	"Antimicrobial agents for preventing peritonitis in peritoneal dialysis patients"	2017
"children"	"10.1002/14651858.CD010807.pub2"	"Needle gauge and tip designs for preventing post‐dural puncture headache (PDPH)"	2017
"children"	"10.1002/14651858.CD000216.pub2"	"Repeated lumbar or ventricular punctures in newborns with intraventricular haemorrhage"	2017
"children"	"10.1002/14651858.CD011147.pub2"	"Infant pacifiers for reduction in risk of sudden infant death syndrome"	2017
"children_and_adults"	"10.1002/14651858.CD008676.pub2"	"Chlorhexidine mouthrinse as an adjunctive treatment for gingival health"	2017
"children_and_adults"	"10.1002/14651858.CD010134.pub2"	"Continuous chest compression versus interrupted chest compression for cardiopulmonary resuscitation of non‐asphyxial out‐of‐hospital cardiac arrest"	2017
"children_and_adults"	"10.1002/14651858.CD009374.pub3"	"L‐carnitine for cognitive enhancement in people without cognitive impairment"	2017
"children"	"10.1002/14651858.CD010972.pub2"	"Dietary interventions for recurrent abdominal pain in childhood"	2017
"children"	"10.1002/14651858.CD010698.pub2"	"Capnography versus standard monitoring for emergency department procedural sedation and analgesia"	2017
"children"	"10.1002/14651858.CD006939.pub2"	"Benzodiazepines for restless legs syndrome"	2017
"children_and_adults"	"10.1002/14651858.CD010651.pub2"	"Surgical versus non‐surgical management for pleural empyema"	2017
"children_and_adults"	"10.1002/14651858.CD010347.pub2"	"Addition of anti‐leukotriene agents to inhaled corticosteroids for adults and adolescents with persistent asthma"	2017
"children_and_adults"	"10.1002/14651858.CD012286.pub2"	"Interventions to improve inhaler technique for people with asthma"	2017
"children"	"10.1002/14651858.CD011065.pub2"	"Frenotomy for tongue‐tie in newborn infants"	2017
"children"	"10.1002/14651858.CD000376.pub4"	"Long chain polyunsaturated fatty acid supplementation in infants born at term"	2017
"children"	"10.1002/14651858.CD006945.pub4"	"Urate oxidase for the prevention and treatment of tumour lysis syndrome in children with cancer"	2017
"children"	"10.1002/14651858.CD010973.pub2"	"Pharmacological interventions for recurrent abdominal pain in childhood"	2017
"children"	"10.1002/14651858.CD011761.pub2"	"Iodine supplementation for women during the preconception, pregnancy and postpartum period"	2017
"children"	"10.1002/14651858.CD010777.pub2"	"Ischaemic preconditioning for the reduction of renal ischaemia reperfusion injury"	2017
"children"	"10.1002/14651858.CD010503.pub2"	"Non‐contraceptive oestrogen‐containing preparations for controlling symptoms of premenstrual syndrome"	2017
"children"	"10.1002/14651858.CD012003.pub2"	"Breastfeeding education and support for women with twins or higher order multiples"	2017
"children"	"10.1002/14651858.CD001798.pub3"	"Plasma exchange for Guillain‐Barré syndrome"	2017
"children"	"10.1002/14651858.CD003310.pub2"	"Calcium and phosphorus supplementation of human milk for preterm infants"	2017
"children"	"10.1002/14651858.CD006980.pub3"	"Neonatal vitamin A supplementation for the prevention of mortality and morbidity in term neonates in low and middle income countries"	2017
"children_and_adults"	"10.1002/14651858.CD005364.pub3"	"Topical anaesthetics for pain control during repair of dermal laceration"	2017
"children"	"10.1002/14651858.CD002025.pub5"	"Buprenorphine for managing opioid withdrawal"	2017
"children"	"10.1002/14651858.CD002769.pub5"	"Non‐invasive ventilation for cystic fibrosis"	2017
"children"	"10.1002/14651858.CD008435.pub3"	"Skin‐to‐skin care for procedural pain in neonates"	2017
"children"	"10.1002/14651858.CD010742.pub2"	"System change interventions for smoking cessation"	2017
"children_and_adults"	"10.1002/14651858.CD011075.pub2"	"Acupuncture for acute hordeolum"	2017
"children"	"10.1002/14651858.CD005389.pub2"	"Fluid restriction for treatment of preterm infants with chronic lung disease"	2017
"children_and_adults"	"10.1002/14651858.CD003971.pub4"	"Methadone for cancer pain"	2017
"children"	"10.1002/14651858.CD012119.pub2"	"Emollients and moisturisers for eczema"	2017
"children"	"10.1002/14651858.CD010331.pub2"	"Topical anaesthesia for needle‐related pain in newborn infants"	2017
"children"	"10.1002/14651858.CD010847.pub3"	"Interventions for treating simple bone cysts in the long bones of children"	2017
"children_and_adults"	"10.1002/14651858.CD009202.pub4"	"Propofol versus thiopental sodium for the treatment of refractory status epilepticus"	2017
"children_and_adults"	"10.1002/14651858.CD005122.pub5"	"Cardiotocography versus intermittent auscultation of fetal heart on admission to labour ward for assessment of fetal wellbeing"	2017
"children_and_adults"	"10.1002/14651858.CD011464.pub2"	"Psychological interventions for post‐traumatic stress disorder (PTSD) in people with severe mental illness"	2017
"children"	"10.1002/14651858.CD003059.pub3"	"Cromolyn sodium for the prevention of chronic lung disease in preterm infants"	2017
"children_and_adults"	"10.1002/14651858.CD011833.pub2"	"Cough augmentation techniques for extubation or weaning critically ill patients from mechanical ventilation"	2017
"children"	"10.1002/14651858.CD004759.pub2"	"Polyclonal and monoclonal antibodies for induction therapy in kidney transplant recipients"	2017
"children"	"10.1002/14651858.CD010971.pub2"	"Psychosocial interventions for recurrent abdominal pain in childhood"	2017
"children"	"10.1002/14651858.CD007455.pub3"	"Stretch for the treatment and prevention of contractures"	2017
"children"	"10.1002/14651858.CD004951.pub3"	"Body positioning for spontaneously breathing preterm infants with apnoea"	2017
"children_and_adults"	"10.1002/14651858.CD011690.pub2"	"Short‐acting erythropoiesis‐stimulating agents for anaemia in predialysis patients"	2017
"children"	"10.1002/14651858.CD000399.pub3"	"Nitric oxide for respiratory failure in infants born at or near term"	2017
"children"	"10.1002/14651858.CD010034.pub2"	"Training interventions for improving telephone consultation skills in clinicians"	2017
"children"	"10.1002/14651858.CD001969.pub4"	"Early administration of inhaled corticosteroids for preventing chronic lung disease in very low birth weight preterm neonates"	2017
"children"	"10.1002/14651858.CD000509.pub5"	"Inhaled nitric oxide for respiratory failure in preterm infants"	2017
"children"	"10.1002/14651858.CD010246.pub2"	"School‐based education programmes for the prevention of unintentional injuries in children and young people"	2016
"children_and_adults"	"10.1002/14651858.CD006287.pub4"	"Needle aspiration versus incision and drainage for the treatment of peritonsillar abscess"	2016
"children"	"10.1002/14651858.CD009837.pub3"	"Community‐based population‐level interventions for promoting child oral health"	2016
"children"	"10.1002/14651858.CD008409.pub4"	"Progesterone for acute traumatic brain injury"	2016
"children"	"10.1002/14651858.CD000375.pub5"	"Longchain polyunsaturated fatty acid supplementation in preterm infants"	2016
"children"	"10.1002/14651858.CD003091.pub4"	"Dressings for the prevention of surgical site infection"	2016
"children"	"10.1002/14651858.CD005436.pub5"	"Oral zinc for treating diarrhoea in children"	2016
"children_and_adults"	"10.1002/14651858.CD007121.pub4"	"Conservative interventions for treating middle third clavicle fractures in adolescents and adults"	2016
"children_and_adults"	"10.1002/14651858.CD009921.pub2"	"Automated telephone communication systems for preventive healthcare and management of long‐term conditions"	2016
"children"	"10.1002/14651858.CD004696.pub5"	"Nutrient‐enriched formula versus standard formula for preterm infants following hospital discharge"	2016
"children_and_adults"	"10.1002/14651858.CD006519.pub3"	"Polymer‐based oral rehydration solution for treating acute watery diarrhoea"	2016
"children_and_adults"	"10.1002/14651858.CD012195.pub2"	"Patient‐ and parent‐initiated oral steroids for asthma exacerbations"	2016
"children_and_adults"	"10.1002/14651858.CD004246.pub4"	"Efavirenz or nevirapine in three‐drug combination therapy with two nucleoside or nucleotide‐reverse transcriptase inhibitors for initial treatment of HIV infection in antiretroviral‐naïve individuals"	2016
"children"	"10.1002/14651858.CD007124.pub5"	"Immediate‐release versus controlled‐release carbamazepine in the treatment of epilepsy"	2016
"children_and_adults"	"10.1002/14651858.CD011487.pub2"	"Antiviral agents for infectious mononucleosis (glandular fever)"	2016
"children"	"10.1002/14651858.CD006978.pub2"	"Antibiotics for the neurological complications of Lyme disease"	2016
"children"	"10.1002/14651858.CD006425.pub4"	"Antenatal breastfeeding education for increasing breastfeeding duration"	2016
"children"	"10.1002/14651858.CD005091.pub4"	"One dose per day compared to multiple doses per day of gentamicin for treatment of suspected or proven sepsis in neonates"	2016
"children"	"10.1002/14651858.CD005978.pub3"	"Zinc supplementation for the prevention of pneumonia in children aged 2 months to 59 months"	2016
"children"	"10.1002/14651858.CD008992.pub3"	"External inspection of compliance with standards for improved healthcare outcomes"	2016
"children"	"10.1002/14651858.CD011958.pub2"	"Oral   Astragalus (Huang qi) for preventing frequent episodes of acute respiratory tract infection in children"	2016
"children"	"10.1002/14651858.CD008970.pub3"	"Interventions for promoting participation in shared decision‐making for children with cancer"	2016
"children"	"10.1002/14651858.CD012436"	"Drug interventions for the treatment of obesity in children and adolescents"	2016
"children_and_adults"	"10.1002/14651858.CD009830.pub2"	"Haloperidol for long‐term aggression in psychosis"	2016
"children"	"10.1002/14651858.CD011360.pub2"	"Written information for patients (or parents of child patients) to reduce the use of antibiotics for acute upper respiratory tract infections in primary care"	2016
"children"	"10.1002/14651858.CD003519.pub4"	"Early skin‐to‐skin contact for mothers and their healthy newborn infants"	2016
"children"	"10.1002/14651858.CD011684.pub2"	"Interventions for children with ear discharge occurring at least two weeks following grommet (ventilation tube) insertion"	2016
"children_and_adults"	"10.1002/14651858.CD002028.pub2"	"Oxcarbazepine add‐on for drug‐resistant partial epilepsy"	2016
"children"	"10.1002/14651858.CD005598.pub4"	"Antibiotics for treating community‐acquired pneumonia in people with sickle cell disease"	2016
"children"	"10.1002/14651858.CD011503.pub2"	"Valacyclovir versus acyclovir for the treatment of herpes zoster ophthalmicus in immunocompetent patients"	2016
"children"	"10.1002/14651858.CD010873.pub4"	"Transcutaneous electrical stimulation (TES) for treatment of constipation in children"	2016
"children"	"10.1002/14651858.CD011111.pub2"	"Wound drainage for lower limb arterial surgery"	2016
"children"	"10.1002/14651858.CD001688.pub3"	"Interventions for promoting the initiation of breastfeeding"	2016
"children"	"10.1002/14651858.CD008824.pub2"	"Vitamin D supplementation for preventing infections in children under five years of age"	2016
"children"	"10.1002/14651858.CD011439.pub2"	"Exhaled nitric oxide levels to guide treatment for children with asthma"	2016
"children"	"10.1002/14651858.CD006417.pub3"	"School‐based interventions for preventing HIV, sexually transmitted infections, and pregnancy in adolescents"	2016
"children"	"10.1002/14651858.CD011426.pub2"	"Topical antibiotics for preventing surgical site infection in wounds healing by primary intention"	2016
"children"	"10.1002/14651858.CD003668.pub4"	"Infant position in neonates receiving mechanical ventilation"	2016
"children"	"10.1002/14651858.CD012185.pub2"	"Heparin for the treatment of thrombosis in neonates"	2016
"children"	"10.1002/14651858.CD004786.pub5"	"Fluid therapy for acute bacterial meningitis"	2016
"children_and_adults"	"10.1002/14651858.CD008711.pub3"	"Antifibrinolytic therapy to reduce haemoptysis from any cause"	2016
"children"	"10.1002/14651858.CD012163.pub2"	"Six‐month therapy for abdominal tuberculosis"	2016
"children"	"10.1002/14651858.CD011579.pub2"	"Hydroxyurea for reducing blood transfusion in non‐transfusion dependent beta thalassaemias"	2016
"children"	"10.1002/14651858.CD011248.pub2"	"Breastfeeding for procedural pain in infants beyond the neonatal period"	2016
"children"	"10.1002/14651858.CD010112.pub2"	"Polyunsaturated fatty acid supplementation in infancy for the prevention of allergy"	2016
"children_and_adults"	"10.1002/14651858.CD001446.pub5"	"Corticosteroids for Guillain‐Barré syndrome"	2016
"children"	"10.1002/14651858.CD005088.pub4"	"Bisphosphonate therapy for osteogenesis imperfecta"	2016
"children"	"10.1002/14651858.CD007272.pub2"	"Anaesthetic interventions for prevention of awareness during surgery"	2016
"children_and_adults"	"10.1002/14651858.CD009612.pub2"	"Nasal decongestants in monotherapy for the common cold"	2016
"children"	"10.1002/14651858.CD004483.pub3"	"Dental fillings for the treatment of caries in the primary dentition"	2016
"children"	"10.1002/14651858.CD010922.pub2"	"Hyperbaric oxygen therapy for people with autism spectrum disorder (ASD)"	2016
"children"	"10.1002/14651858.CD006380.pub3"	"Pharmacologic interventions for treating phantom limb pain"	2016
"children_and_adults"	"10.1002/14651858.CD006623.pub3"	"Deliberate hypotension with propofol under anaesthesia for functional endoscopic sinus surgery (FESS)"	2016
"children_and_adults"	"10.1002/14651858.CD012371"	"Psychological therapies for children and adolescents exposed to trauma"	2016
"children_and_adults"	"10.1002/14651858.CD011175.pub2"	"Interventions for patients and caregivers to improve knowledge of sickle cell disease and recognition of its related complications"	2016
"children"	"10.1002/14651858.CD010613.pub2"	"Intensity of continuous renal replacement therapy for acute kidney injury"	2016
"children"	"10.1002/14651858.CD001071.pub3"	"Non‐nutritive sucking for increasing physiologic stability and nutrition in preterm infants"	2016
"children"	"10.1002/14651858.CD005520.pub3"	"Oral appliances and functional orthopaedic appliances for obstructive sleep apnoea in children"	2016
"children"	"10.1002/14651858.CD006170.pub5"	"Methods of milk expression for lactating women"	2016
"children"	"10.1002/14651858.CD003715.pub3"	"Oral 5‐aminosalicylic acid for maintenance of medically‐induced remission in Crohn's disease"	2016
"children"	"10.1002/14651858.CD007480.pub3"	"Vitamin A supplementation for the prevention of morbidity and mortality in infants one to six months of age"	2016
"children"	"10.1002/14651858.CD009398.pub3"	"Polyunsaturated fatty acids (PUFAs) for children with specific learning disorders"	2016
"children"	"10.1002/14651858.CD009067.pub3"	"Baby‐led compared with scheduled (or mixed) breastfeeding for successful breastfeeding"	2016
"children"	"10.1002/14651858.CD010229.pub2"	"Lasers for caries removal in deciduous and permanent teeth"	2016
"children_and_adults"	"10.1002/14651858.CD008865.pub4"	"Pneumococcal vaccines for cystic fibrosis"	2016
"children_and_adults"	"10.1002/14651858.CD011818.pub2"	"Cognitive behavioural therapy (CBT) for adults and adolescents with asthma"	2016
"children"	"10.1002/14651858.CD011756.pub2"	"Plasma transfusions prior to insertion of central lines for people with abnormal coagulation"	2016
"children"	"10.1002/14651858.CD006883.pub3"	"Antifibrinolytic agents for reducing blood loss in scoliosis surgery in children"	2016
"children"	"10.1002/14651858.CD010166.pub2"	"Population‐level interventions in government jurisdictions for dietary sodium reduction"	2016
"children"	"10.1002/14651858.CD009999.pub2"	"Pain‐relieving agents for infantile colic"	2016
"children"	"10.1002/14651858.CD010866.pub2"	"Screening for genital chlamydia infection"	2016
"children"	"10.1002/14651858.CD010467.pub2"	"Intravenous versus inhalational techniques for rapid emergence from anaesthesia in patients undergoing brain tumour surgery"	2016
"children"	"10.1002/14651858.CD000456.pub5"	"Synchronized mechanical ventilation for respiratory support in newborn infants"	2016
"children"	"10.1002/14651858.CD012091.pub2"	"Six months therapy for tuberculous meningitis"	2016
"children"	"10.1002/14651858.CD010758.pub2"	"Vilanterol and fluticasone furoate for asthma"	2016
"children"	"10.1002/14651858.CD007719.pub4"	"Routine vitamin A supplementation for the prevention of blindness due to measles infection in children"	2016
"children"	"10.1002/14651858.CD005255.pub5"	"Responsive versus scheduled feeding for preterm infants"	2016
"children"	"10.1002/14651858.CD005092.pub3"	"Cup feeding versus other forms of supplemental enteral feeding for newborn infants unable to fully breastfeed"	2016
"children"	"10.1002/14651858.CD006462.pub4"	"Early additional food and fluids for healthy breastfed full‐term infants"	2016
"children"	"10.1002/14651858.CD007202.pub4"	"Effect of restricted pacifier use in breastfeeding term infants for increasing duration of breastfeeding"	2016
"children"	"10.1002/14651858.CD007791.pub4"	"Pharmacological treatments for Friedreich ataxia"	2016
"children"	"10.1002/14651858.CD006641.pub3"	"Rooming‐in for new mother and infant versus separate care for increasing the duration of breastfeeding"	2016
"children"	"10.1002/14651858.CD002771.pub4"	"Kangaroo mother care to reduce morbidity and mortality in low birthweight infants"	2016
"children_and_adults"	"10.1002/14651858.CD008011.pub3"	"Medical interventions for treating anthracycline‐induced symptomatic and asymptomatic cardiotoxicity during and after treatment for childhood cancer"	2016
"children"	"10.1002/14651858.CD005586.pub3"	"Instruments for assessing readiness to commence suck feeds in preterm infants: effects on time to establish full oral feeding and duration of hospitalisation"	2016
"children_and_adults"	"10.1002/14651858.CD009678.pub2"	"Nutritional interventions for survivors of childhood cancer"	2016
"children_and_adults"	"10.1002/14651858.CD007871.pub3"	"Thromboelastography (TEG) or thromboelastometry (ROTEM) to monitor haemostatic treatment versus usual care in adults or children with bleeding"	2016
"children_and_adults"	"10.1002/14651858.CD005632.pub3"	"Steroid avoidance or withdrawal for kidney transplant recipients"	2016
"children"	"10.1002/14651858.CD010982.pub2"	"Alternatives, and adjuncts, to prophylactic platelet transfusion for people with haematological malignancies undergoing intensive chemotherapy or stem cell transplantation"	2016
"children"	"10.1002/14651858.CD000501.pub4"	"Vitamin A supplementation to prevent mortality and short‐ and long‐term morbidity in very low birth weight infants"	2016
"children"	"10.1002/14651858.CD008942.pub2"	"Venous cutdown versus the Seldinger technique for placement of totally implantable venous access ports"	2016
"children"	"10.1002/14651858.CD010531.pub2"	"Endothelin receptor antagonists for persistent pulmonary hypertension in term and late preterm infants"	2016
"children_and_adults"	"10.1002/14651858.CD011014.pub2"	"Polyunsaturated fatty acid supplementation for drug‐resistant epilepsy"	2016
"children"	"10.1002/14651858.CD009118.pub3"	"Osmotic and stimulant laxatives for the management of childhood constipation"	2016
"children_and_adults"	"10.1002/14651858.CD011325.pub2"	"Non‐pharmacological interventions for cognitive impairment due to systemic cancer treatment"	2016
"children"	"10.1002/14651858.CD006420.pub2"	"Isolation as a strategy for controlling the transmission of hepatitis C virus (HCV) infection in haemodialysis units"	2016
"children_and_adults"	"10.1002/14651858.CD006967.pub4"	"Melatonin as add‐on treatment for epilepsy"	2016
"children"	"10.1002/14651858.CD009677.pub2"	"Mobile clinics for women's and children's health"	2016
"children_and_adults"	"10.1002/14651858.CD010741.pub2"	"Normal saline versus lower‐chloride solutions for kidney transplantation"	2016
"children_and_adults"	"10.1002/14651858.CD003380.pub4"	"Cognitive behavioural therapy (CBT), third‐wave CBT and interpersonal therapy (IPT) based interventions for preventing depression in children and adolescents"	2016
"children"	"10.1002/14651858.CD008392.pub3"	"Preoperative analgesics for additional pain relief in children and adolescents having dental treatment"	2016
"children"	"10.1002/14651858.CD010726.pub2"	"Nitrates for the prevention of cardiac morbidity and mortality in patients undergoing non‐cardiac surgery"	2016
"children_and_adults"	"10.1002/14651858.CD010181.pub2"	"Platinum‐induced hearing loss after treatment for childhood cancer"	2016
"children"	"10.1002/14651858.CD007095.pub3"	"Xylitol for preventing acute otitis media in children up to 12 years of age"	2016
"children_and_adults"	"10.1002/14651858.CD011714.pub2"	"Home telemonitoring and remote feedback between clinic visits for asthma"	2016
"children_and_adults"	"10.1002/14651858.CD011205.pub2"	"Guanylate cyclase stimulators for pulmonary hypertension"	2016
"children"	"10.1002/14651858.CD003680.pub3"	"Group‐based parent training programmes for improving emotional and behavioural adjustment in young children"	2016
"children"	"10.1002/14651858.CD002284.pub2"	"Fluoride mouthrinses for preventing dental caries in children and adolescents"	2016
"children_and_adults"	"10.1002/14651858.CD004598.pub4"	"Local anaesthetic sympathetic blockade for complex regional pain syndrome"	2016
"children"	"10.1002/14651858.CD004764.pub3"	"Patching for corneal abrasion"	2016
"children"	"10.1002/14651858.CD006663.pub4"	"Enzyme replacement therapy for Anderson‐Fabry disease"	2016
"children"	"10.1002/14651858.CD007743.pub6"	"Palivizumab for prophylaxis against respiratory syncytial virus infection in children with cystic fibrosis"	2016
"children_and_adults"	"10.1002/14651858.CD008045.pub2"	"Percutaneous techniques versus surgical techniques for tracheostomy"	2016
"children"	"10.1002/14651858.CD006937.pub3"	"Speech therapy for children with dysarthria acquired before three years of age"	2016
"children_and_adults"	"10.1002/14651858.CD007025.pub4"	"Motivational interviewing for the prevention of alcohol misuse in young adults"	2016
"children"	"10.1002/14651858.CD001942.pub5"	"Corticosteroids for Bell's palsy (idiopathic facial paralysis)"	2016
"children"	"10.1002/14651858.CD001069.pub5"	"Sucrose for analgesia in newborn infants undergoing painful procedures"	2016
"children_and_adults"	"10.1002/14651858.CD005405.pub4"	"Oral anti‐pseudomonal antibiotics for cystic fibrosis"	2016
"children"	"10.1002/14651858.CD010716.pub2"	"Surgery versus non‐surgical management for unilateral ureteric‐pelvic junction obstruction in newborns and infants less than two years of age"	2016
"children"	"10.1002/14651858.CD008890.pub4"	"Intracystic bleomycin for cystic craniopharyngiomas in children"	2016
"children"	"10.1002/14651858.CD011914.pub2"	"Codeine versus placebo for chronic cough in children"	2016
"children_and_adults"	"10.1002/14651858.CD010140.pub2"	"Skin antisepsis for reducing central venous catheter‐related infections"	2016
"children_and_adults"	"10.1002/14651858.CD011195.pub2"	"Central venous catheter (CVC) removal for patients of all ages with candidaemia"	2016
"children_and_adults"	"10.1002/14651858.CD003839.pub3"	"Self‐monitoring and self‐management of oral anticoagulation"	2016
"children_and_adults"	"10.1002/14651858.CD011020.pub2"	"Technological aids for the rehabilitation of memory and executive functioning in children and adolescents with acquired brain injury"	2016
"children_and_adults"	"10.1002/14651858.CD012161"	"Short‐acting insulin analogues versus regular human insulin for adults with type 1 diabetes mellitus"	2016
"children"	"10.1002/14651858.CD006941.pub2"	"Opioids for restless legs syndrome"	2016
"children"	"10.1002/14651858.CD006837.pub3"	"High initial concentration versus low initial concentration sevoflurane for inhalational induction of anaesthesia"	2016
"children_and_adults"	"10.1002/14651858.CD006086.pub4"	"Nutritional supplements for people being treated for active tuberculosis"	2016
"children_and_adults"	"10.1002/14651858.CD012249"	"School‐based interventions for improving contraceptive use in adolescents"	2016
"children_and_adults"	"10.1002/14651858.CD009034.pub2"	"Sequential versus standard triple first‐line therapy for   Helicobacter pylori eradication"	2016
"children_and_adults"	"10.1002/14651858.CD002787.pub3"	"Inhaled nitric oxide for acute respiratory distress syndrome (ARDS) in children and adults"	2016
"children_and_adults"	"10.1002/14651858.CD010439.pub2"	"Radiotherapy for diffuse brainstem glioma in children and young adults"	2016
"children"	"10.1002/14651858.CD009043.pub3"	"Aripiprazole for autism spectrum disorders (ASD)"	2016
"children"	"10.1002/14651858.CD010123.pub2"	"Integrated management of childhood illness (IMCI) strategy for children under five"	2016
"children"	"10.1002/14651858.CD010696.pub2"	"Betahistine for symptoms of vertigo"	2016
"children_and_adults"	"10.1002/14651858.CD005599.pub5"	"Topical cystic fibrosis transmembrane conductance regulator gene replacement for cystic fibrosis‐related lung disease"	2016
"children"	"10.1002/14651858.CD009163.pub3"	"Antibiotics for otitis media with effusion in children"	2016
"children"	"10.1002/14651858.CD011566.pub2"	"Pharmacological interventions for clozapine‐induced sinus tachycardia"	2016
"children"	"10.1002/14651858.CD009873.pub3"	"Massage with or without aromatherapy for symptom relief in people with cancer"	2016
"children"	"10.1002/14651858.CD011750.pub2"	"Systemic treatment for blepharokeratoconjunctivitis in children"	2016
"children"	"10.1002/14651858.CD005144.pub3"	"Nutritional support for critically ill children"	2016
"children_and_adults"	"10.1002/14651858.CD007126.pub3"	"Single dose intravenous paracetamol or intravenous propacetamol for postoperative pain"	2016
"children"	"10.1002/14651858.CD011877.pub2"	"Epinephrine for transient tachypnea of the newborn"	2016
"children"	"10.1002/14651858.CD010247.pub3"	"Antiepileptic drugs for the primary and secondary prevention of seizures in viral encephalitis"	2016
"children_and_adults"	"10.1002/14651858.CD009491.pub2"	"Midazolam for sedation before procedures"	2016
"children_and_adults"	"10.1002/14651858.CD002218.pub2"	"Antibiotics versus no treatment for toxoplasma retinochoroiditis"	2016
"children"	"10.1002/14651858.CD010714.pub2"	"Fasting for haemostasis in children with gastrointestinal bleeding"	2016
"children_and_adults"	"10.1002/14651858.CD009913.pub2"	"Fixed‐dose combinations of drugs versus single‐drug formulations for treating pulmonary tuberculosis"	2016
"children_and_adults"	"10.1002/14651858.CD011801.pub2"	"Different oral corticosteroid regimens for acute asthma"	2016
"children"	"10.1002/14651858.CD004685.pub3"	"Systemic antifungal therapy for tinea capitis in children"	2016
"children"	"10.1002/14651858.CD006685.pub4"	"Pharmacological treatment for Kleine‐Levin syndrome"	2016
"children"	"10.1002/14651858.CD004073.pub4"	"Vitamin supplementation for preventing miscarriage"	2016
"children"	"10.1002/14651858.CD010548.pub2"	"High frequency jet ventilation versus high frequency oscillatory ventilation for pulmonary dysfunction in preterm infants"	2016
"children"	"10.1002/14651858.CD011718.pub2"	"Heparin for the prevention of intraventricular haemorrhage in preterm infants"	2016
"children"	"10.1002/14651858.CD001240.pub3"	"Prophylactic barbiturate use for the prevention of morbidity and mortality following perinatal asphyxia"	2016
"children"	"10.1002/14651858.CD003725.pub4"	"Corticosteroids for the treatment of Duchenne muscular dystrophy"	2016
"children_and_adults"	"10.1002/14651858.CD003827.pub3"	"Gauze and tape and transparent polyurethane dressings for central venous catheters"	2016
"children"	"10.1002/14651858.CD003711.pub6"	"Herbal medicines for viral myocarditis"	2016
"children"	"10.1002/14651858.CD011050.pub2"	"Intravenous magnesium sulfate for treating children with acute asthma in the emergency department"	2016
"children_and_adults"	"10.1002/14651858.CD009794.pub2"	"Transition of care for adolescents from paediatric services to adult health services"	2016
"children_and_adults"	"10.1002/14651858.CD005339.pub2"	"Granulocyte transfusions for treating infections in people with neutropenia or neutrophil dysfunction"	2016
"children_and_adults"	"10.1002/14651858.CD002244.pub4"	"Corticosteroids for managing tuberculous meningitis"	2016
"children_and_adults"	"10.1002/14651858.CD011361.pub2"	"Self management interventions for type 2 diabetes in adult people with severe mental illness"	2016
"children_and_adults"	"10.1002/14651858.CD010346.pub2"	"Yoga for asthma"	2016
"children"	"10.1002/14651858.CD002929.pub3"	"Disposable surgical face masks for preventing surgical wound infection in clean surgery"	2016
"children_and_adults"	"10.1002/14651858.CD011996.pub2"	"Intranasal steroids versus placebo or no intervention for chronic rhinosinusitis"	2016
"children_and_adults"	"10.1002/14651858.CD011992.pub2"	"Short‐course oral steroids as an adjunct therapy for chronic rhinosinusitis"	2016
"children_and_adults"	"10.1002/14651858.CD011994.pub2"	"Systemic and topical antibiotics for chronic rhinosinusitis"	2016
"children_and_adults"	"10.1002/14651858.CD009484.pub2"	"Vapocoolants (cold spray) for pain treatment during intravenous cannulation"	2016
"children_and_adults"	"10.1002/14651858.CD011993.pub2"	"Different types of intranasal steroids for chronic rhinosinusitis"	2016
"children"	"10.1002/14651858.CD009274.pub2"	"Topical steroid for chronic rhinosinusitis without polyps"	2016
"children_and_adults"	"10.1002/14651858.CD006394.pub3"	"Nasal saline irrigations for the symptoms of chronic rhinosinusitis"	2016
"children"	"10.1002/14651858.CD006247.pub3"	"Low bacterial diet versus control diet to prevent infection in cancer patients treated with chemotherapy causing episodes of neutropenia"	2016
"children_and_adults"	"10.1002/14651858.CD003868.pub4"	"Oral morphine for cancer pain"	2016
"children"	"10.1002/14651858.CD010816.pub2"	"Bortezomib for the treatment of multiple myeloma"	2016
"children"	"10.1002/14651858.CD008436.pub3"	"Early removal versus expectant management of central venous catheters in neonates with bloodstream infection"	2016
"children_and_adults"	"10.1002/14651858.CD010745.pub2"	"Urinary alkalisation for symptomatic uncomplicated urinary tract infection in women"	2016
"children"	"10.1002/14651858.CD005220.pub2"	"Drugs for the acute treatment of migraine in children and adolescents"	2016
"children_and_adults"	"10.1002/14651858.CD011715.pub2"	"Remote versus face‐to‐face check‐ups for asthma"	2016
"children"	"10.1002/14651858.CD001457.pub6"	"Glutamine supplementation to prevent morbidity and mortality in preterm infants"	2016
"children_and_adults"	"10.1002/14651858.CD007854.pub3"	"Acupuncture for dysmenorrhoea"	2016
"children_and_adults"	"10.1002/14651858.CD009747.pub2"	"Daily iron supplementation for improving anaemia, iron status and health in menstruating women"	2016
"children"	"10.1002/14651858.CD008313.pub3"	"Co‐bedding in neonatal nursery for promoting growth and neurodevelopment in stable preterm twins"	2016
"children_and_adults"	"10.1002/14651858.CD006419.pub4"	"Antihelminthics in helminth‐endemic areas: effects on HIV disease progression"	2016
"children"	"10.1002/14651858.CD011131.pub2"	"Infraorbital nerve block for postoperative pain following cleft lip repair in children"	2016
"children"	"10.1002/14651858.CD011017.pub2"	"Breathing exercises for children with asthma"	2016
"children_and_adults"	"10.1002/14651858.CD010631.pub2"	"Chlorpromazine versus atypical antipsychotic drugs for schizophrenia"	2016
"children_and_adults"	"10.1002/14651858.CD010204.pub2"	"Psychological therapies for post‐traumatic stress disorder and comorbid substance use disorder"	2016
"children"	"10.1002/14651858.CD001816.pub3"	"Oral immunoglobulin for preventing necrotizing enterocolitis in preterm and low birth weight neonates"	2016
"children_and_adults"	"10.1002/14651858.CD004085.pub4"	"High‐frequency oscillatory ventilation versus conventional ventilation for acute respiratory distress syndrome"	2016
"children_and_adults"	"10.1002/14651858.CD011166.pub2"	"Surgical versus conservative interventions for treating anterior cruciate ligament injuries"	2016
"children"	"10.1002/14651858.CD010836.pub2"	"Interventions for treating ankle fractures in children"	2016
"children_and_adults"	"10.1002/14651858.CD008796.pub3"	"Physical exercise training interventions for children and young adults during and after treatment for childhood cancer"	2016
"children_and_adults"	"10.1002/14651858.CD012025.pub2"	"Brief educational strategies for improving contraception use in young people"	2016
"children"	"10.1002/14651858.CD005944.pub3"	"Vitamin A supplementation for postpartum women"	2016
"children"	"10.1002/14651858.CD011082.pub2"	"Antimicrobial dressings for the prevention of catheter‐related infections in newborn infants with central venous catheters"	2016
"children"	"10.1002/14651858.CD002124.pub2"	"Dietary supplements for dysmenorrhoea"	2016
"children"	"10.1002/14651858.CD011636.pub2"	"Antithrombin for the prevention of intraventricular hemorrhage in very preterm infants"	2016
"children"	"10.1002/14651858.CD009733.pub3"	"Antifibrinolytics (lysine analogues) for the prevention of bleeding in people with haematological disorders"	2016
"children_and_adults"	"10.1002/14651858.CD010135.pub2"	"Spectral entropy monitoring for adults and children undergoing general anaesthesia"	2016
"children"	"10.1002/14651858.CD003592.pub2"	"Antidepressants for generalised anxiety disorder (GAD)"	2016
"children"	"10.1002/14651858.CD012105"	"Diet, physical activity, and behavioural interventions for the treatment of overweight or obesity in preschool children up to the age of 6 years"	2016
"children"	"10.1002/14651858.CD009926.pub2"	"Subsidising artemisinin‐based combination therapy in the private retail sector"	2016
"children_and_adults"	"10.1002/14651858.CD007517.pub3"	"Adhesively bonded versus non‐bonded amalgam restorations for dental caries"	2016
"children"	"10.1002/14651858.CD009199.pub3"	"Posture and fluids for preventing post‐dural puncture headache"	2016
"children"	"10.1002/14651858.CD011493.pub2"	"Frequency of endotracheal suctioning for the prevention of respiratory morbidity in ventilated newborns"	2016
"children_and_adults"	"10.1002/14651858.CD005008.pub4"	"Different dosage schedules for reducing cardiotoxicity in people with cancer receiving anthracycline chemotherapy"	2016
"children"	"10.1002/14651858.CD007880.pub3"	"Antibiotics for preventing suppurative complications from undifferentiated acute respiratory infections in children under five years of age"	2016
"children"	"10.1002/14651858.CD006589.pub4"	"Oral iron supplements for children in malaria‐endemic areas"	2016
"children"	"10.1002/14651858.CD008455.pub2"	"Interventions for treating bisphosphonate‐related osteonecrosis of the jaw (BRONJ)"	2016
"children"	"10.1002/14651858.CD009687.pub2"	"Topical treatments for scalp psoriasis"	2016
"children"	"10.1002/14651858.CD002029.pub4"	"Psychological treatments for epilepsy"	2016
"children"	"10.1002/14651858.CD008139.pub4"	"Neuraminidase inhibitors for the treatment of influenza infection in people with cystic fibrosis"	2016
"children"	"10.1002/14651858.CD008382.pub2"	"Very early discharge versus early discharge versus non‐early discharge in children with cancer and febrile neutropenia"	2016
"children"	"10.1002/14651858.CD010647.pub2"	"Supplementation with multiple micronutrients for breastfeeding women for improving outcomes for the mother and baby"	2016
"children_and_adults"	"10.1002/14651858.CD007874.pub2"	"Lidocaine for reducing propofol‐induced pain on induction of anaesthesia in adults"	2016
"children"	"10.1002/14651858.CD004955.pub3"	"Puerarin for ischaemic stroke"	2016
"children"	"10.1002/14651858.CD011494.pub2"	"Transcutaneous carbon dioxide monitoring for the prevention of neonatal morbidity and mortality"	2016
"children"	"10.1002/14651858.CD006111.pub3"	"Piracetam for reducing the incidence of painful sickle cell disease crises"	2016
"children_and_adults"	"10.1002/14651858.CD008774.pub2"	"Specific allergen immunotherapy for the treatment of atopic eczema"	2016
"children_and_adults"	"10.1002/14651858.CD009346.pub2"	"Pharmacological and non‐pharmacological interventions for reducing rocuronium bromide induced pain on injection in children and adults"	2016
"children"	"10.1002/14651858.CD011349.pub2"	"Conjunctival autograft for pterygium"	2016
"children_and_adults"	"10.1002/14651858.CD004303.pub4"	"Interventions for dysphagia in long‐term, progressive muscle disease"	2016
"children"	"10.1002/14651858.CD005370.pub3"	"Antithrombin III for critically ill patients"	2016
"children"	"10.1002/14651858.CD008185.pub4"	"Enzyme replacement therapy with idursulfase for mucopolysaccharidosis type II (Hunter syndrome)"	2016
"children"	"10.1002/14651858.CD005992.pub3"	"Legislative smoking bans for reducing harms from secondhand smoke exposure, smoking prevalence and tobacco consumption"	2016
"children"	"10.1002/14651858.CD009624.pub2"	"The role of iron in the management of chemotherapy‐induced anemia in cancer patients receiving erythropoiesis‐stimulating agents"	2016
"children"	"10.1002/14651858.CD009996.pub2"	"Amphetamines for attention deficit hyperactivity disorder (ADHD) in children and adolescents"	2016
"children_and_adults"	"10.1002/14651858.CD005215.pub3"	"Interventions for preventing unintended pregnancies among adolescents"	2016
"children"	"10.1002/14651858.CD009198.pub2"	"Percutaneous endoscopic gastrostomy versus percutaneous radiological gastrostomy for swallowing disturbances"	2016
"children"	"10.1002/14651858.CD007786.pub3"	"Antiemetic medication for prevention and treatment of chemotherapy‐induced nausea and vomiting in childhood"	2016
"children_and_adults"	"10.1002/14651858.CD009213.pub2"	"Frequency of dressing changes for central venous access devices on catheter‐related infections"	2016
"children"	"10.1002/14651858.CD011382.pub2"	"Enhanced recovery protocols for major upper gastrointestinal, liver and pancreatic surgery"	2016
"children"	"10.1002/14651858.CD009704.pub2"	"Smoking cessation advice for people with serious mental illness"	2016
"children"	"10.1002/14651858.CD010375.pub2"	"Water precautions for prevention of infection in children with ventilation tubes (grommets)"	2016
"children_and_adults"	"10.1002/14651858.CD011281.pub2"	"Subcutaneous rapid‐acting insulin analogues for diabetic ketoacidosis"	2016
"children_and_adults"	"10.1002/14651858.CD006838.pub4"	"Anti‐inflammatory drugs and analgesics for managing symptoms in people with cystic fibrosis‐related arthritis"	2016
"children"	"10.1002/14651858.CD011484.pub2"	"Washed versus unwashed red blood cells for transfusion for the prevention of morbidity and mortality in preterm infants"	2016
"children"	"10.1002/14651858.CD002117.pub2"	"Tricyclic and related drugs for nocturnal enuresis in children"	2016
"children"	"10.1002/14651858.CD008969.pub3"	"Brief school‐based interventions and behavioural outcomes for substance‐using adolescents"	2016
"children"	"10.1002/14651858.CD011181.pub2"	"Antibody therapies for lymphoma in children"	2016
"children"	"10.1002/14651858.CD006703.pub3"	"Interventions for the management of submucous cleft palate"	2016
"children"	"10.1002/14651858.CD006700.pub3"	"Acyclovir for treating primary herpetic gingivostomatitis"	2016
"children"	"10.1002/14651858.CD007745.pub3"	"Ivermectin versus albendazole or thiabendazole for   Strongyloides stercoralis infection"	2016
"children_and_adults"	"10.1002/14651858.CD004920.pub3"	"Antifungal agents for preventing fungal infections in non‐neutropenic critically ill patients"	2016
"children_and_adults"	"10.1002/14651858.CD009823.pub3"	"Interventions for promoting reintegration and reducing harmful behaviour and lifestyles in street‐connected children and young people"	2016
"children"	"10.1002/14651858.CD009634.pub2"	"Intranasal or transdermal nicotine for the treatment of postoperative pain"	2016
"children_and_adults"	"10.1002/14651858.CD010709.pub2"	"Pre‐emptive correction for haemodialysis arteriovenous access stenosis"	2016
"children_and_adults"	"10.1002/14651858.CD008056.pub3"	"Linezolid versus vancomycin for skin and soft tissue infections"	2016
"children"	"10.1002/14651858.CD005512.pub3"	"Preformed crowns for decayed primary molar teeth"	2015
"children_and_adults"	"10.1002/14651858.CD008772.pub2"	"Probiotics for preventing urinary tract infections in adults and children"	2015
"children"	"10.1002/14651858.CD012008"	"Parent‐only interventions for childhood overweight or obesity in children aged 5 to 11 years"	2015
"children"	"10.1002/14651858.CD010249.pub2"	"Comparison of animal‐derived surfactants for the prevention and treatment of respiratory distress syndrome in preterm infants"	2015
"children"	"10.1002/14651858.CD010155.pub3"	"Low‐molecular‐weight heparins for managing vaso‐occlusive crises in people with sickle cell disease"	2015
"children"	"10.1002/14651858.CD004848.pub2"	"Common antiepileptic drugs in pregnancy in women with epilepsy"	2015
"children"	"10.1002/14651858.CD007820.pub3"	"Interventions for treating traumatised ankylosed permanent front teeth"	2015
"children"	"10.1002/14651858.CD004449.pub4"	"Recombinant factor VIIa concentrate versus plasma‐derived concentrates for treating acute bleeding episodes in people with haemophilia and inhibitors"	2015
"children_and_adults"	"10.1002/14651858.CD001917.pub4"	"Home versus hospital intravenous antibiotic therapy for cystic fibrosis"	2015
"children_and_adults"	"10.1002/14651858.CD009871.pub2"	"Non‐pharmacological interventions for depression in adults and children with traumatic brain injury"	2015
"children"	"10.1002/14651858.CD007950.pub3"	"Effects and safety of periconceptional oral folate supplementation for preventing birth defects"	2015
"children"	"10.1002/14651858.CD010143.pub2"	"Surgery for Dupuytren's contracture of the fingers"	2015
"children"	"10.1002/14651858.CD000407.pub4"	"Oral steroids for long‐term use in cystic fibrosis"	2015
"children_and_adults"	"10.1002/14651858.CD010513.pub2"	"Knee orthoses for treating patellofemoral pain syndrome"	2015
"children"	"10.1002/14651858.CD010164.pub2"	"Antibiotic prophylaxis for surgical site infection in people undergoing liver transplantation"	2015
"children_and_adults"	"10.1002/14651858.CD009745.pub2"	"Leukoreduction for the prevention of adverse reactions from allogeneic blood transfusion"	2015
"children"	"10.1002/14651858.CD009172.pub2"	"Alternative lipid emulsions versus pure soy oil based lipid emulsions for parenterally fed preterm infants"	2015
"children"	"10.1002/14651858.CD011771.pub2"	"Comparison of different platelet transfusion thresholds prior to insertion of central lines in patients with thrombocytopenia"	2015
"children_and_adults"	"10.1002/14651858.CD009345.pub2"	"Antihistamines for the common cold"	2015
"children"	"10.1002/14651858.CD009736.pub2"	"Decision aids for people considering taking part in clinical trials"	2015
"children"	"10.1002/14651858.CD008867.pub3"	"Nutritional advice for improving outcomes in multiple pregnancies"	2015
"children"	"10.1002/14651858.CD010017.pub2"	"Anti‐TNF agents for paediatric psoriasis"	2015
"children"	"10.1002/14651858.CD007949.pub2"	"Addition of long‐acting beta2‐agonists to inhaled corticosteroids for chronic asthma in children"	2015
"children_and_adults"	"10.1002/14651858.CD010481.pub2"	"Amphotericin B deoxycholate versus liposomal amphotericin B: effects on kidney function"	2015
"children_and_adults"	"10.1002/14651858.CD008351.pub3"	"Airway clearance techniques for bronchiectasis"	2015
"children"	"10.1002/14651858.CD003064.pub3"	"Diuretics for transient tachypnoea of the newborn"	2015
"children_and_adults"	"10.1002/14651858.CD010868.pub2"	"Interventions for dissociated vertical deviation"	2015
"children"	"10.1002/14651858.CD011015.pub2"	"Treatment for superficial infusion thrombophlebitis of the upper extremity"	2015
"children"	"10.1002/14651858.CD008781.pub3"	"Vigabatrin versus carbamazepine monotherapy for epilepsy"	2015
"children"	"10.1002/14651858.CD011656.pub2"	"Effectiveness and risks of cricoid pressure during rapid sequence induction for endotracheal intubation"	2015
"children_and_adults"	"10.1002/14651858.CD004552.pub2"	"Intrathecal baclofen for treating spasticity in children with cerebral palsy"	2015
"children"	"10.1002/14651858.CD010169.pub2"	"Treatment for dysphagia (swallowing difficulties) in hereditary ataxia"	2015
"children"	"10.1002/14651858.CD008327.pub2"	"Interventions for metabolic bone disease in children with chronic kidney disease"	2015
"children"	"10.1002/14651858.CD010435.pub2"	"Adjuvant corticosteroids for reducing death in neonatal bacterial meningitis"	2015
"children_and_adults"	"10.1002/14651858.CD004402.pub3"	"Steroids for symptom control in infectious mononucleosis"	2015
"children_and_adults"	"10.1002/14651858.CD010248.pub2"	"Interleukin‐2 as maintenance therapy for children and adults with acute myeloid leukaemia in first complete remission"	2015
"children_and_adults"	"10.1002/14651858.CD010431.pub2"	"Micro‐invasive interventions for managing proximal dental decay in primary and permanent teeth"	2015
"children"	"10.1002/14651858.CD009816.pub2"	"Chest shielding for prevention of a haemodynamically significant patent ductus arteriosus in preterm infants receiving phototherapy"	2015
"children"	"10.1002/14651858.CD009257.pub2"	"Sleep positioning systems for children with cerebral palsy"	2015
"children"	"10.1002/14651858.CD007485.pub2"	"Specialist teams for neonatal transport to neonatal intensive care units for prevention of morbidity and mortality"	2015
"children"	"10.1002/14651858.CD008666.pub3"	"Vitamin A supplementation during pregnancy for maternal and newborn outcomes"	2015
"children_and_adults"	"10.1002/14651858.CD010984.pub2"	"Different doses of prophylactic platelet transfusion for preventing bleeding in people with haematological disorders after myelosuppressive chemotherapy or stem cell transplantation"	2015
"children"	"10.1002/14651858.CD007698.pub3"	"Oral budesonide for induction of remission in ulcerative colitis"	2015
"children"	"10.1002/14651858.CD003478.pub5"	"Prophylactic oral/topical non‐absorbed antifungal agents to prevent invasive fungal infection in very low birth weight infants"	2015
"children"	"10.1002/14651858.CD003850.pub5"	"Prophylactic systemic antifungal agents to prevent mortality and morbidity in very low birth weight infants"	2015
"children"	"10.1002/14651858.CD010646.pub3"	"Cognitive behavioural therapy (brief versus standard duration) for schizophrenia"	2015
"children"	"10.1002/14651858.CD005550.pub3"	"Prophylactic steroids for pediatric open heart surgery"	2015
"children_and_adults"	"10.1002/14651858.CD004794.pub3"	"Interventions to improve water quality for preventing diarrhoea"	2015
"children"	"10.1002/14651858.CD008202.pub2"	"Leukotriene receptor antagonists as maintenance and intermittent therapy for episodic viral wheeze in children"	2015
"children"	"10.1002/14651858.CD000437.pub3"	"Rescue high‐frequency jet ventilation versus conventional ventilation for severe pulmonary dysfunction in preterm infants"	2015
"children"	"10.1002/14651858.CD011165.pub2"	"Tonsillectomy or adenotonsillectomy versus non‐surgical management for obstructive sleep‐disordered breathing in children"	2015
"children_and_adults"	"10.1002/14651858.CD008116.pub3"	"Corticosteroids for the common cold"	2015
"children"	"10.1002/14651858.CD009698.pub2"	"Cordyceps sinensis (a traditional Chinese medicine) for kidney transplant recipients"	2015
"children"	"10.1002/14651858.CD010888.pub2"	"Aromatase inhibitors for short stature in male children and adolescents"	2015
"children_and_adults"	"10.1002/14651858.CD010057.pub2"	"Citrate salts for preventing and treating calcium containing kidney stones in adults"	2015
"children"	"10.1002/14651858.CD004219.pub4"	"Percutaneous central venous catheters versus peripheral cannulae for delivery of parenteral nutrition in neonates"	2015
"children_and_adults"	"10.1002/14651858.CD010356.pub2"	"Preoperative inspiratory muscle training for postoperative pulmonary complications in adults undergoing cardiac and major abdominal surgery"	2015
"children"	"10.1002/14651858.CD011577.pub2"	"Comparison of a restrictive versus liberal red cell transfusion policy for patients with myelodysplasia, aplastic anaemia, and other congenital bone marrow failure disorders"	2015
"children"	"10.1002/14651858.CD006301.pub4"	"High‐dose chemotherapy and autologous haematopoietic stem cell rescue for children with high‐risk neuroblastoma"	2015
"children"	"10.1002/14651858.CD008840.pub4"	"Newborn screening for homocystinuria"	2015
"children"	"10.1002/14651858.CD005375.pub4"	"Surgery for scoliosis in Duchenne muscular dystrophy"	2015
"children"	"10.1002/14651858.CD010981.pub2"	"A therapeutic‐only versus prophylactic platelet transfusion strategy for preventing bleeding in patients with haematological disorders after myelosuppressive chemotherapy or stem cell transplantation"	2015
"children"	"10.1002/14651858.CD010464.pub2"	"Glycerin laxatives for prevention or treatment of feeding intolerance in very low birth weight infants"	2015
"children_and_adults"	"10.1002/14651858.CD006300.pub4"	"Cyclophosphamide versus ifosfamide for paediatric and young adult bone and soft tissue sarcoma patients"	2015
"children"	"10.1002/14651858.CD004072.pub3"	"Vitamin C supplementation in pregnancy"	2015
"children"	"10.1002/14651858.CD011317.pub2"	"Home‐based versus clinic‐based specimen collection in the management of Chlamydia trachomatis and Neisseria gonorrhoeae infections"	2015
"children"	"10.1002/14651858.CD006334.pub4"	"Sedation versus general anaesthesia for provision of dental treatment to patients younger than 18 years"	2015
"children"	"10.1002/14651858.CD011078.pub2"	"Antimicrobial‐impregnated central venous catheters for prevention of catheter‐related bloodstream infection in newborn infants"	2015
"children"	"10.1002/14651858.CD011584.pub2"	"Pulse oximeters to self monitor oxygen saturation levels as part of a personalised asthma action plan for people with asthma"	2015
"children"	"10.1002/14651858.CD011530.pub2"	"Antibiotics for preventing lower respiratory tract infections in high‐risk children aged 12 years and under"	2015
"children_and_adults"	"10.1002/14651858.CD009109.pub3"	"Single crowns versus conventional fillings for the restoration of root‐filled teeth"	2015
"children"	"10.1002/14651858.CD010066.pub2"	"Calcium channel blockers for pulmonary arterial hypertension"	2015
"children"	"10.1002/14651858.CD008655.pub3"	"The impact of biological interventions for ulcerative colitis on health‐related quality of life"	2015
"children_and_adults"	"10.1002/14651858.CD006362.pub4"	"Non‐steroidal anti‐inflammatory drugs for the common cold"	2015
"children"	"10.1002/14651858.CD007193.pub2"	"Consultation liaison in primary care for people with mental disorders"	2015
"children"	"10.1002/14651858.CD006915.pub3"	"Heliox inhalation therapy for bronchiolitis in infants"	2015
"children"	"10.1002/14651858.CD010350.pub2"	"Dietary interventions for mineral and bone disorder in people with chronic kidney disease"	2015
"children_and_adults"	"10.1002/14651858.CD011045.pub2"	"Portion, package or tableware size for changing selection and consumption of food, alcohol and tobacco"	2015
"children_and_adults"	"10.1002/14651858.CD004405.pub5"	"Corticosteroids for acute bacterial meningitis"	2015
"children_and_adults"	"10.1002/14651858.CD011247.pub2"	"Unconditional cash transfers for assistance in humanitarian disasters: effect on use of health services and health outcomes in low‐ and middle‐income countries"	2015
"children"	"10.1002/14651858.CD010367.pub2"	"Dressings and securement devices for central venous catheters (CVC)"	2015
"children_and_adults"	"10.1002/14651858.CD010586.pub2"	"Post‐exposure passive immunisation for preventing rubella and congenital rubella syndrome"	2015
"children"	"10.1002/14651858.CD002098.pub2"	"Interactive telemedicine: effects on professional practice and health care outcomes"	2015
"children"	"10.1002/14651858.CD004069.pub3"	"Vitamin E supplementation in pregnancy"	2015
"children"	"10.1002/14651858.CD009106.pub2"	"Standardised formal resuscitation training programmes for reducing mortality and morbidity in newborn infants"	2015
"children"	"10.1002/14651858.CD002930.pub6"	"Electromagnetic therapy for treating pressure ulcers"	2015
"children"	"10.1002/14651858.CD010259.pub3"	"Early versus delayed dressing removal after primary closure of clean and clean‐contaminated surgical wounds"	2015
"children_and_adults"	"10.1002/14651858.CD007952.pub3"	"Incentives and enablers to improve adherence in tuberculosis"	2015
"children"	"10.1002/14651858.CD003876.pub4"	"Fluoridated milk for preventing dental caries"	2015
"children_and_adults"	"10.1002/14651858.CD001726.pub5"	"Beta2‐agonists for acute cough or a clinical diagnosis of acute bronchitis"	2015
"children_and_adults"	"10.1002/14651858.CD003298.pub3"	"Nutritional support in children and young people with cancer undergoing chemotherapy"	2015
"children"	"10.1002/14651858.CD010989.pub2"	"Non‐operative management versus operative management in high‐grade blunt hepatic injury"	2015
"children"	"10.1002/14651858.CD009194.pub3"	"Surfactant therapy for bronchiolitis in critically ill infants"	2015
"children"	"10.1002/14651858.CD000144.pub3"	"Animal derived surfactant extract versus protein free synthetic surfactant for the prevention and treatment of respiratory distress syndrome"	2015
"children_and_adults"	"10.1002/14651858.CD009805.pub3"	"Hormonal and intrauterine methods for contraception for women aged 25 years and younger"	2015
"children_and_adults"	"10.1002/14651858.CD001392.pub3"	"Prolonged antibiotics for non‐cystic fibrosis bronchiectasis in children and adults"	2015
"children"	"10.1002/14651858.CD007560.pub3"	"Methotrexate for maintenance of remission in ulcerative colitis"	2015
"children_and_adults"	"10.1002/14651858.CD007082.pub2"	"Early versus late removal of the laryngeal mask airway (LMA) for general anaesthesia"	2015
"children_and_adults"	"10.1002/14651858.CD009900.pub2"	"Pharmacological treatments for preventing epilepsy following traumatic head injury"	2015
"children_and_adults"	"10.1002/14651858.CD011834"	"Effects of total fat intake on body weight"	2015
"children"	"10.1002/14651858.CD010095.pub2"	"Interventions for prevention of herpes simplex labialis (cold sores on the lips)"	2015
"children"	"10.1002/14651858.CD005248.pub3"	"Intravenous in‐line filters for preventing morbidity and mortality in neonates"	2015
"children"	"10.1002/14651858.CD006731.pub2"	"Pharmaceutical policies: effects of financial incentives for prescribers"	2015
"children"	"10.1002/14651858.CD005180.pub2"	"NSAIDS or paracetamol, alone or combined with opioids, for cancer pain"	2015
"children"	"10.1002/14651858.CD009919.pub2"	"Surgical versus nonsurgical interventions for flail chest"	2015
"children"	"10.1002/14651858.CD010033.pub2"	"Endoscopic third ventriculostomy (ETV) for idiopathic normal pressure hydrocephalus (iNPH)"	2015
"children_and_adults"	"10.1002/14651858.CD007399.pub2"	"The use of propofol for procedural sedation in emergency departments"	2015
"children_and_adults"	"10.1002/14651858.CD003909.pub2"	"Individual psychological therapy in the outpatient treatment of adults with anorexia nervosa"	2015
"children"	"10.1002/14651858.CD010075.pub3"	"Early versus delayed post‐operative bathing or showering to prevent wound complications"	2015
"children_and_adults"	"10.1002/14651858.CD011032.pub2"	"Intermittent inhaled corticosteroid therapy versus placebo for persistent asthma in children and adults"	2015
"children"	"10.1002/14651858.CD007007.pub3"	"Screening women for intimate partner violence in healthcare settings"	2015
"children"	"10.1002/14651858.CD010085.pub2"	"Maternal prenatal and/or postnatal n‐3 long chain polyunsaturated fatty acids (LCPUFA) supplementation for preventing allergies in early childhood"	2015
"children_and_adults"	"10.1002/14651858.CD011311.pub2"	"Neuropsychological and psychological interventions for people with newly diagnosed epilepsy"	2015
"children"	"10.1002/14651858.CD009570.pub2"	"Buflomedil for acute ischaemic stroke"	2015
"children"	"10.1002/14651858.CD009500.pub2"	"Training and supportive programs for palliative care volunteers in community settings"	2015
"children_and_adults"	"10.1002/14651858.CD005086.pub4"	"Plugs for containing faecal incontinence"	2015
"children_and_adults"	"10.1002/14651858.CD007887.pub3"	"Drug therapy for treating post‐dural puncture headache"	2015
"children_and_adults"	"10.1002/14651858.CD008911.pub2"	"Antibiotics for preventing recurrent sore throat"	2015
"children"	"10.1002/14651858.CD008432.pub2"	"Oral zinc for the prevention of hyperbilirubinaemia in neonates"	2015
"children"	"10.1002/14651858.CD007901.pub3"	"Supplementation with long chain polyunsaturated fatty acids (LCPUFA) to breastfeeding mothers for improving child growth and development"	2015
"children_and_adults"	"10.1002/14651858.CD007614.pub2"	"Fresh frozen plasma for cardiovascular surgery"	2015
"children"	"10.1002/14651858.CD006447.pub3"	"Non‐pharmacological interventions for assisting the induction of anaesthesia in children"	2015
"children"	"10.1002/14651858.CD009864.pub2"	"Topical tacrolimus for atopic dermatitis"	2015
"children_and_adults"	"10.1002/14651858.CD010572.pub2"	"Surgical adjunctive procedures for accelerating orthodontic treatment"	2015
"children_and_adults"	"10.1002/14651858.CD005341.pub3"	"Granulocyte transfusions for preventing infections in people with neutropenia or neutrophil dysfunction"	2015
"children"	"10.1002/14651858.CD008562.pub3"	"Treatment for disseminated intravascular coagulation in patients with acute and chronic leukemia"	2015
"children_and_adults"	"10.1002/14651858.CD008253.pub4"	"Topical nasal steroids for treating nasal polyposis in people with cystic fibrosis"	2015
"children"	"10.1002/14651858.CD009658.pub2"	"Primary prophylaxis for venous thromboembolism in patients undergoing cardiac or thoracic surgery"	2015
"children"	"10.1002/14651858.CD011158.pub2"	"Multiple micronutrient powders for home (point‐of‐use) fortification of foods in pregnant women"	2015
"children"	"10.1002/14651858.CD011350.pub2"	"Assistive technology for children and young people with low vision"	2015
"children"	"10.1002/14651858.CD005222.pub3"	"Corticosteroids including ACTH for childhood epilepsy other than epileptic spasms"	2015
"children"	"10.1002/14651858.CD006850.pub3"	"Braces for idiopathic scoliosis in adolescents"	2015
"children"	"10.1002/14651858.CD010518.pub2"	"Massage therapy for preventing pressure ulcers"	2015
"children"	"10.1002/14651858.CD002280.pub2"	"Fluoride gels for preventing dental caries in children and adolescents"	2015
"children_and_adults"	"10.1002/14651858.CD007402.pub3"	"Topical NSAIDs for acute musculoskeletal pain in adults"	2015
"children"	"10.1002/14651858.CD009905.pub2"	"Community coalition‐driven interventions to reduce health disparities among racial and ethnic minority populations"	2015
"children"	"10.1002/14651858.CD011070.pub2"	"Devices and dressings to secure peripheral venous catheters to prevent complications"	2015
"children"	"10.1002/14651858.CD011428.pub2"	"Snake antivenom for snake venom induced consumption coagulopathy"	2015
"children"	"10.1002/14651858.CD003669.pub2"	"Regional (spinal, epidural, caudal) versus general anaesthesia in preterm infants undergoing inguinal herniorrhaphy in early infancy"	2015
"children"	"10.1002/14651858.CD006965.pub4"	"Effects of restricted caffeine intake by mother on fetal, neonatal and pregnancy outcomes"	2015
"children"	"10.1002/14651858.CD010336.pub2"	"Antibiotic lock for the prevention of catheter‐related infection in neonates"	2015
"children"	"10.1002/14651858.CD011079.pub2"	"Strategies for the discontinuation of humidified high flow nasal cannula (HHFNC) in preterm infants"	2015
"children"	"10.1002/14651858.CD000179.pub3"	"Pyridoxine (vitamin B6) supplementation during pregnancy or labour for maternal and neonatal outcomes"	2015
"children"	"10.1002/14651858.CD010432.pub2"	"The effects of idarubicin versus other anthracyclines for induction therapy of patients with newly diagnosed leukaemia"	2015
"children"	"10.1002/14651858.CD011398.pub2"	"Motivational interviewing for improving recovery after stroke"	2015
"children"	"10.1002/14651858.CD000032.pub3"	"Antenatal dietary education and supplementation to increase energy and protein intake"	2015
"children"	"10.1002/14651858.CD009566.pub2"	"Topical antihistamines and mast cell stabilisers for treating seasonal and perennial allergic conjunctivitis"	2015
"children"	"10.1002/14651858.CD003176.pub3"	"Anti‐inflammatory treatment for carditis in acute rheumatic fever"	2015
"children_and_adults"	"10.1002/14651858.CD007988.pub2"	"Chronic disease management programmes for adults with asthma"	2015
"children"	"10.1002/14651858.CD009311.pub2"	"Interventions for prophylaxis of hepatic veno‐occlusive disease in people undergoing haematopoietic stem cell transplantation"	2015
"children"	"10.1002/14651858.CD011316.pub2"	"Stopping long‐acting beta2‐agonists (LABA) for children with asthma well controlled on LABA and inhaled corticosteroids"	2015
"children_and_adults"	"10.1002/14651858.CD006581.pub3"	"Adjusting the pH of lidocaine for reducing pain on injection"	2015
"children_and_adults"	"10.1002/14651858.CD010774.pub2"	"Rapid COJEC versus standard induction therapies for high‐risk neuroblastoma"	2015
"children"	"10.1002/14651858.CD010012.pub2"	"L‐acetylcarnitine for treating fragile X syndrome"	2015
"children"	"10.1002/14651858.CD007071.pub3"	"In‐service training for health professionals to improve care of seriously ill newborns and children in low‐income countries"	2015
"children"	"10.1002/14651858.CD007877.pub3"	"Haemostatic drugs for traumatic brain injury"	2015
"children"	"10.1002/14651858.CD010766.pub2"	"Chelation for autism spectrum disorder (ASD)"	2015
"children"	"10.1002/14651858.CD009652.pub2"	"Psychosocial interventions for benzodiazepine harmful use, abuse or dependence"	2015
"children_and_adults"	"10.1002/14651858.CD007803.pub2"	"Augmentation of cognitive and behavioural therapies (CBT) with d‐cycloserine for anxiety and related disorders"	2015
"children"	"10.1002/14651858.CD004896.pub4"	"Antifibrinolytic drugs for acute traumatic injury"	2015
"children_and_adults"	"10.1002/14651858.CD010540.pub2"	"Psychoeducation for siblings of people with severe mental illness"	2015
"children_and_adults"	"10.1002/14651858.CD001916.pub3"	"Psychological therapies for sickle cell disease and pain"	2015
"children_and_adults"	"10.1002/14651858.CD007428.pub3"	"Surgical interventions for treating acute fractures or non‐union of the middle third of the clavicle"	2015
"children_and_adults"	"10.1002/14651858.CD007771.pub3"	"Vitamin D for the treatment of chronic painful conditions in adults"	2015
"children"	"10.1002/14651858.CD008408.pub3"	"Sweet tasting solutions for reduction of needle‐related procedural pain in children aged one to 16 years"	2015
"children"	"10.1002/14651858.CD007910.pub2"	"Interventions for lowering plasma homocysteine levels in kidney transplant recipients"	2015
"children_and_adults"	"10.1002/14651858.CD008138.pub3"	"Topical antifungals for seborrhoeic dermatitis"	2015
"children"	"10.1002/14651858.CD004884.pub4"	"Antibiotic prophylaxis for preventing meningitis in patients with basilar skull fractures"	2015
"children"	"10.1002/14651858.CD010663.pub2"	"Surgical versus non‐surgical interventions in people with adolescent idiopathic scoliosis"	2015
"children_and_adults"	"10.1002/14651858.CD010756.pub2"	"Corticosteroids for the management of cancer‐related pain in adults"	2015
"children"	"10.1002/14651858.CD006353.pub4"	"Use of plastic adhesive drapes during surgery for preventing surgical site infection"	2015
"children"	"10.1002/14651858.CD003949.pub4"	"Preoperative skin antiseptics for preventing surgical wound infections after clean surgery"	2015
"children"	"10.1002/14651858.CD002286.pub3"	"Feverfew for preventing migraine"	2015
"children_and_adults"	"10.1002/14651858.CD006821.pub3"	"Saline nasal irrigation for acute upper respiratory tract infections"	2015
"children"	"10.1002/14651858.CD008578.pub3"	"Chinese medicinal herbs for mumps"	2015
"children"	"10.1002/14651858.CD004380.pub3"	"School‐based education programmes for the prevention of child sexual abuse"	2015
"children"	"10.1002/14651858.CD008457.pub2"	"Chlorhexidine treatment for the prevention of dental caries in children and adolescents"	2015
"children"	"10.1002/14651858.CD010823.pub2"	"Psychoeducation (brief) for people with serious mental illness"	2015
"children"	"10.1002/14651858.CD009950.pub3"	"Pharmacological treatment for pain in Guillain‐Barré syndrome"	2015
"children"	"10.1002/14651858.CD004241.pub4"	"Medical interventions for fungal keratitis"	2015
"children"	"10.1002/14651858.CD005044.pub3"	"Quinine for muscle cramps"	2015
"children"	"10.1002/14651858.CD000496.pub2"	"Lidocaine‐prilocaine cream for analgesia during circumcision in newborn boys"	2015
"children_and_adults"	"10.1002/14651858.CD006150.pub2"	"Adjunctive corticosteroids for Pneumocystis jiroveci pneumonia in patients with HIV infection"	2015
"children"	"10.1002/14651858.CD008694.pub2"	"Interventions for the cessation of non‐nutritive sucking habits in children"	2015
"children_and_adults"	"10.1002/14651858.CD009596.pub4"	"Buprenorphine for treating cancer pain"	2015
"children_and_adults"	"10.1002/14651858.CD009186.pub2"	"Strategies to increase the ownership and use of insecticide‐treated bednets to prevent malaria"	2015
"children_and_adults"	"10.1002/14651858.CD008005.pub4"	"Sapropterin dihydrochloride for phenylketonuria"	2015
"children"	"10.1002/14651858.CD010324.pub2"	"Enzyme replacement and substrate reduction therapy for Gaucher disease"	2015
"children_and_adults"	"10.1002/14651858.CD010743.pub2"	"Xylitol‐containing products for preventing dental caries in children and adults"	2015
"children"	"10.1002/14651858.CD009383.pub2"	"Non‐speech oral motor treatment for children with developmental speech sound disorders"	2015
"children"	"10.1002/14651858.CD009515.pub2"	"Prophylactic milrinone for the prevention of low cardiac output syndrome and mortality in children undergoing surgery for congenital heart disease"	2015
"children"	"10.1002/14651858.CD010824.pub2"	"Anaesthetic and sedative agents used for electrical cardioversion"	2015
"children_and_adults"	"10.1002/14651858.CD010621.pub2"	"Corneal collagen cross‐linking for treating keratoconus"	2015
"children"	"10.1002/14651858.CD000104.pub4"	"Elective high frequency oscillatory ventilation versus conventional ventilation for acute pulmonary dysfunction in preterm infants"	2015
"children_and_adults"	"10.1002/14651858.CD010645.pub2"	"Adrenaline with lidocaine for digital nerve blocks"	2015
"children"	"10.1002/14651858.CD009574.pub2"	"Tramadol for postoperative pain treatment in children"	2015
"children"	"10.1002/14651858.CD009959.pub2"	"Interventions for the treatment of Frey's syndrome"	2015
"children"	"10.1002/14651858.CD010636.pub2"	"Leukotriene inhibitors for bronchiolitis in infants and young children"	2015
"children_and_adults"	"10.1002/14651858.CD010750.pub2"	"Pharmacological interventions for pain in children and adolescents with life‐limiting conditions"	2015
"children"	"10.1002/14651858.CD008226.pub3"	"Atorvastatin for lowering lipids"	2015
"children"	"10.1002/14651858.CD006208.pub3"	"Interventions for reducing medication errors in children in hospital"	2015
"children"	"10.1002/14651858.CD001954.pub4"	"Azithromycin for acute lower respiratory tract infections"	2015
"children"	"10.1002/14651858.CD005083.pub4"	"Honey as a topical treatment for wounds"	2015
"children_and_adults"	"10.1002/14651858.CD006819.pub2"	"Bicarbonate‐ versus lactate‐buffered solutions for acute continuous haemodiafiltration or haemofiltration"	2015
"children"	"10.1002/14651858.CD007835.pub2"	"Chlorhexidine skin or cord care for prevention of mortality and infections in neonates"	2015
"children"	"10.1002/14651858.CD009924.pub2"	"Food supplementation for improving the physical and psychosocial health of socio‐economically disadvantaged children aged three months to five years"	2015
"children"	"10.1002/14651858.CD010987.pub2"	"Optical reading aids for children and young people with low vision"	2015
"children_and_adults"	"10.1002/14651858.CD004731.pub4"	"Protein substitute for children and adults with phenylketonuria"	2015
"children"	"10.1002/14651858.CD004493.pub3"	"Family‐based programmes for preventing smoking by children and adolescents"	2015
"children"	"10.1002/14651858.CD011404.pub2"	"As required versus fixed schedule analgesic administration for postoperative pain in children"	2015
"children_and_adults"	"10.1002/14651858.CD007897.pub3"	"Remediating buildings damaged by dampness and mould for preventing or reducing respiratory tract symptoms, infections and asthma"	2015
"children"	"10.1002/14651858.CD011386.pub2"	"Comparison of routes for achieving parenteral access with a focus on the management of patients with Ebola virus disease"	2015
"children"	"10.1002/14651858.CD003263.pub5"	"Interventions for vitiligo"	2015
"children_and_adults"	"10.1002/14651858.CD011547"	"Artemisinin‐naphthoquine for treating uncomplicated   Plasmodium falciparum malaria"	2015
"children"	"10.1002/14651858.CD005610.pub2"	"Interventions to reduce waiting times for elective procedures"	2015
"children"	"10.1002/14651858.CD006506.pub3"	"Chewing gum for postoperative recovery of gastrointestinal function"	2015
"children"	"10.1002/14651858.CD003659.pub4"	"Face washing promotion for preventing active trachoma"	2015
"children"	"10.1002/14651858.CD004985.pub5"	"Preoperative bathing or showering with skin antiseptics to prevent surgical site infection"	2015
"children_and_adults"	"10.1002/14651858.CD009895.pub2"	"Dance movement therapy for depression"	2015
"children_and_adults"	"10.1002/14651858.CD007989.pub2"	"Pharmacological interventions for those who have sexually offended or are at risk of offending"	2015
"children"	"10.1002/14651858.CD004690.pub4"	"Cognitive behavioural therapy for anxiety disorders in children and adolescents"	2015
"children"	"10.1002/14651858.CD009088.pub3"	"Corticosteroids for parasitic eosinophilic meningitis"	2015
"children_and_adults"	"10.1002/14651858.CD010138.pub2"	"Loop diuretics for patients receiving blood transfusions"	2015
"children"	"10.1002/14651858.CD008779.pub2"	"Chinese herbal medicines for hypothyroidism"	2015
"children"	"10.1002/14651858.CD007948.pub3"	"Skin preparation with alcohol versus alcohol followed by any antiseptic for preventing bacteraemia or contamination of blood for transfusion"	2015
"children"	"10.1002/14651858.CD001902.pub2"	"Early versus late antiepileptic drug withdrawal for people with epilepsy in remission"	2015
"children"	"10.1002/14651858.CD006327.pub3"	"Provision of a surgeon's performance data for people considering elective surgery"	2015
"children"	"10.1002/14651858.CD009961.pub2"	"Treatment for preventing bleeding in people with haemophilia or other congenital bleeding disorders undergoing surgery"	2015
"children_and_adults"	"10.1002/14651858.CD010107.pub3"	"Single dose oral ibuprofen plus codeine for acute postoperative pain in adults"	2015
"children"	"10.1002/14651858.CD008400.pub3"	"Acupuncture for mumps in children"	2015
"children"	"10.1002/14651858.CD001957.pub6"	"Homeopathic Oscillococcinum® for preventing and treating influenza and influenza‐like illness"	2015
"children_and_adults"	"10.1002/14651858.CD010387.pub2"	"Exercise for treating patellofemoral pain syndrome"	2015
"children_and_adults"	"10.1002/14651858.CD008426.pub2"	"House dust mite reduction and avoidance measures for treating eczema"	2015
"children"	"10.1002/14651858.CD009436.pub2"	"Complementary therapies for acne vulgaris"	2015
"children"	"10.1002/14651858.CD009831.pub2"	"Haloperidol versus first‐generation antipsychotics for the treatment of schizophrenia and other psychotic disorders"	2015
"children"	"10.1002/14651858.CD007937.pub2"	"Adjunctive hyperbaric oxygen for necrotizing fasciitis"	2015
"children"	"10.1002/14651858.CD010767.pub2"	"Intermittent preventive antimalarial treatment for children with anaemia"	2015
"children"	"10.1002/14651858.CD010139.pub2"	"Indacaterol, a once‐daily beta2‐agonist, versus twice‐daily beta2‐agonists or placebo for chronic obstructive pulmonary disease"	2015
"children_and_adults"	"10.1002/14651858.CD006962.pub2"	"Ultrasound guidance versus anatomical landmarks for internal jugular vein catheterization"	2015
"children_and_adults"	"10.1002/14651858.CD011447"	"Ultrasound guidance versus anatomical landmarks for subclavian or femoral vein catheterization"	2015
"children"	"10.1002/14651858.CD010534.pub2"	"Parent‐infant psychotherapy for improving parental and infant mental health"	2015
"children"	"10.1002/14651858.CD010225.pub2"	"Single induction dose of etomidate versus other induction agents for endotracheal intubation in critically ill patients"	2015
"children"	"10.1002/14651858.CD004875.pub5"	"Antibiotics for community‐acquired lower respiratory tract infections secondary to   Mycoplasma pneumoniae in children"	2015
"children_and_adults"	"10.1002/14651858.CD010269.pub2"	"Alpha‐2 agonists for long‐term sedation during mechanical ventilation in critically ill patients"	2015
"children"	"10.1002/14651858.CD008366.pub3"	"Community wide interventions for increasing physical activity"	2015
"children"	"10.1002/14651858.CD010266.pub2"	"Antibiotic prophylaxis for preventing infectious complications in orthognathic surgery"	2015
"children"	"10.1002/14651858.CD008403.pub3"	"Minimally invasive surgery versus open surgery for the treatment of solid abdominal and thoracic neoplasms in children"	2015
"children_and_adults"	"10.1002/14651858.CD006678.pub2"	"Chemotherapy for children with medulloblastoma"	2015
"children"	"10.1002/14651858.CD009742.pub2"	"Intraoperative local anaesthesia for reduction of postoperative pain following general anaesthesia for dental treatment in children and adolescents"	2014
"children"	"10.1002/14651858.CD007174.pub2"	"Immunonutrition as an adjuvant therapy for burns"	2014
"children"	"10.1002/14651858.CD010846.pub2"	"Creatine for women in pregnancy for neuroprotection of the fetus"	2014
"children"	"10.1002/14651858.CD010258.pub2"	"Intermittent self‐dilatation for urethral stricture disease in males"	2014
"children"	"10.1002/14651858.CD009457.pub2"	"Isotonic versus hypotonic solutions for maintenance intravenous fluid administration in children"	2014
"children_and_adults"	"10.1002/14651858.CD010565.pub2"	"Conservative versus interventional management for primary spontaneous pneumothorax in adults"	2014
"children_and_adults"	"10.1002/14651858.CD008146.pub2"	"Interventions for fatigue in peripheral neuropathy"	2014
"children_and_adults"	"10.1002/14651858.CD010028.pub2"	"Ephedrine for myasthenia gravis, neonatal myasthenia and the congenital myasthenic syndromes"	2014
"children"	"10.1002/14651858.CD005947.pub4"	"Glutamine supplementation for young infants with severe gastrointestinal disease"	2014
"children"	"10.1002/14651858.CD002054.pub3"	"Surfactant for meconium aspiration syndrome in term and late preterm infants"	2014
"children"	"10.1002/14651858.CD005975.pub3"	"Oxygen therapy for lower respiratory tract infections in children between 3 months and 15 years of age"	2014
"children"	"10.1002/14651858.CD005046.pub3"	"Endoscopic pneumatic dilation versus botulinum toxin injection in the management of primary achalasia"	2014
"children"	"10.1002/14651858.CD000503.pub3"	"Restricted versus liberal water intake for preventing morbidity and mortality in preterm infants"	2014
"children"	"10.1002/14651858.CD003020.pub3"	"Universal school‐based prevention for illicit drug use"	2014
"children"	"10.1002/14651858.CD008324.pub3"	"Psychological therapies versus antidepressant medication, alone and in combination for depression in children and adolescents"	2014
"children"	"10.1002/14651858.CD004287.pub4"	"Tissue adhesives for closure of surgical incisions"	2014
"children"	"10.1002/14651858.CD009177.pub2"	"Non‐pharmacological interventions for chronic pain in people with spinal cord injury"	2014
"children"	"10.1002/14651858.CD008194.pub3"	"Strategies for expanding health insurance coverage in vulnerable populations"	2014
"children"	"10.1002/14651858.CD010018.pub2"	"Pentoxifylline for the prevention of bronchopulmonary dysplasia in preterm infants"	2014
"children_and_adults"	"10.1002/14651858.CD001831.pub5"	"Over‐the‐counter (OTC) medications for acute cough in children and adults in community settings"	2014
"children"	"10.1002/14651858.CD010699.pub2"	"Belatacept for kidney transplant recipients"	2014
"children_and_adults"	"10.1002/14651858.CD009949.pub2"	"Aspiration of the elbow joint for treating radial head fractures"	2014
"children"	"10.1002/14651858.CD010254.pub2"	"Rosuvastatin for lowering lipids"	2014
"children_and_adults"	"10.1002/14651858.CD002745.pub4"	"Amantadine and rimantadine for influenza A in children and the elderly"	2014
"children_and_adults"	"10.1002/14651858.CD001802.pub3"	"Tonsillectomy or adenotonsillectomy versus non‐surgical treatment for chronic/recurrent acute tonsillitis"	2014
"children"	"10.1002/14651858.CD010232.pub2"	"Interventions aimed at communities to inform and/or educate about early childhood vaccination"	2014
"children_and_adults"	"10.1002/14651858.CD006594.pub3"	"Reminder systems to improve patient adherence to tuberculosis clinic appointments for diagnosis and treatment"	2014
"children"	"10.1002/14651858.CD006137.pub2"	"H1‐antihistamines for chronic spontaneous urticaria"	2014
"children_and_adults"	"10.1002/14651858.CD009735.pub2"	"Aspiration and sclerotherapy versus hydrocoelectomy for treating hydrocoeles"	2014
"children_and_adults"	"10.1002/14651858.CD009317.pub2"	"Psychological, social and welfare interventions for psychological health and well‐being of torture survivors"	2014
"children"	"10.1002/14651858.CD006206.pub4"	"Garlic for the common cold"	2014
"children_and_adults"	"10.1002/14651858.CD010704.pub2"	"Restricting or banning alcohol advertising to reduce alcohol consumption in adults and adolescents"	2014
"children"	"10.1002/14651858.CD010340.pub2"	"Eculizumab for treating patients with paroxysmal nocturnal hemoglobinuria"	2014
"children_and_adults"	"10.1002/14651858.CD003039.pub2"	"Colony‐stimulating factors for chemotherapy‐induced febrile neutropenia"	2014
"children"	"10.1002/14651858.CD008889.pub2"	"Surgical interventions for treating pectus excavatum"	2014
"children"	"10.1002/14651858.CD008953.pub2"	"Treatment for speech disorder in Friedreich ataxia and other hereditary ataxia syndromes"	2014
"children"	"10.1002/14651858.CD008825.pub2"	"Prenatal versus postnatal repair procedures for spina bifida for improving infant and maternal outcomes"	2014
"children_and_adults"	"10.1002/14651858.CD011336"	"Aquatic exercise training for fibromyalgia"	2014
"children"	"10.1002/14651858.CD007909.pub4"	"Decongestants, antihistamines and nasal irrigation for acute sinusitis in children"	2014
"children"	"10.1002/14651858.CD009990.pub2"	"School policies for preventing smoking among young people"	2014
"children"	"10.1002/14651858.CD005578.pub2"	"Pharmacotherapy for sleep bruxism"	2014
"children"	"10.1002/14651858.CD010382.pub2"	"Non‐pharmaceutical management of respiratory morbidity in children with severe global developmental delay"	2014
"children"	"10.1002/14651858.CD009817.pub2"	"Non‐nutritive sucking for gastro‐oesophageal reflux disease in preterm and low birth weight infants"	2014
"children"	"10.1002/14651858.CD004837.pub3"	"Cannabis and schizophrenia"	2014
"children"	"10.1002/14651858.CD009942.pub2"	"Intranasal fentanyl for the management of acute pain in children"	2014
"children_and_adults"	"10.1002/14651858.CD002109.pub4"	"Antibiotics for community‐acquired pneumonia in adult outpatients"	2014
"children"	"10.1002/14651858.CD005189.pub4"	"Antibiotics for bronchiolitis in children under two years of age"	2014
"children"	"10.1002/14651858.CD009886.pub2"	"Hepatitis B vaccination for reducing morbidity and mortality in persons with HIV infection"	2014
"children_and_adults"	"10.1002/14651858.CD009369.pub2"	"Perphenazine versus low‐potency first‐generation antipsychotic drugs for schizophrenia"	2014
"children"	"10.1002/14651858.CD011323"	"Antiretroviral interventions for preventing breast milk transmission of HIV"	2014
"children_and_adults"	"10.1002/14651858.CD005590.pub3"	"Prophylaxis for Pneumocystis pneumonia (PCP) in non‐HIV immunocompromised patients"	2014
"children"	"10.1002/14651858.CD010543.pub2"	"Centre‐based day care for children younger than five years of age in low‐ and middle‐income countries"	2014
"children"	"10.1002/14651858.CD011018.pub2"	"Interventions for managing oral ulcers in Behçet's disease"	2014
"children"	"10.1002/14651858.CD005515.pub3"	"Orthodontic and orthopaedic treatment for anterior open bite in children"	2014
"children"	"10.1002/14651858.CD010544.pub2"	"Centre‐based day care for children younger than five years of age in high‐income countries"	2014
"children"	"10.1002/14651858.CD006595.pub3"	"Clinical pathways for chronic cough in children"	2014
"children_and_adults"	"10.1002/14651858.CD003257.pub5"	"Symptomatic treatment of the cough in whooping cough"	2014
"children"	"10.1002/14651858.CD006997.pub2"	"Tricyclic antidepressants for attention deficit hyperactivity disorder (ADHD) in children and adolescents"	2014
"children_and_adults"	"10.1002/14651858.CD002063.pub6"	"Intravenous immunoglobulin for Guillain‐Barré syndrome"	2014
"children_and_adults"	"10.1002/14651858.CD006601.pub4"	"Codeine, alone and with paracetamol (acetaminophen), for cancer pain"	2014
"children"	"10.1002/14651858.CD001478.pub6"	"Acellular vaccines for preventing whooping cough in children"	2014
"children_and_adults"	"10.1002/14651858.CD008990.pub3"	"Recombinant human growth hormone for treating burns and donor sites"	2014
"children"	"10.1002/14651858.CD006452.pub4"	"Rapid viral diagnosis for acute febrile respiratory illness in children in the Emergency Department"	2014
"children"	"10.1002/14651858.CD007084.pub2"	"Effects of sevoflurane versus other general anaesthesia on emergence agitation in children"	2014
"children_and_adults"	"10.1002/14651858.CD007641.pub3"	"Self‐management education for cystic fibrosis"	2014
"children"	"10.1002/14651858.CD006779.pub2"	"Comparison of antiepileptic drugs, no treatment, or placebo for children with benign epilepsy with centro temporal spikes"	2014
"children"	"10.1002/14651858.CD006647.pub4"	"Treatment including anthracyclines versus treatment not including anthracyclines for childhood cancer"	2014
"children_and_adults"	"10.1002/14651858.CD007601.pub4"	"Computer‐assisted surgery for knee ligament reconstruction"	2014
"children"	"10.1002/14651858.CD009227.pub2"	"Flupenthixol versus low‐potency first‐generation antipsychotic drugs for schizophrenia"	2014
"children_and_adults"	"10.1002/14651858.CD003256.pub2"	"Treatment of severe or progressive Kaposi's sarcoma in HIV‐infected adults"	2014
"children"	"10.1002/14651858.CD010761.pub2"	"Interventions for treating acute bleeding episodes in people with acquired hemophilia A"	2014
"children"	"10.1002/14651858.CD004173.pub4"	"Advanced trauma life support training for hospital staff"	2014
"children"	"10.1002/14651858.CD002913.pub3"	"Budesonide for maintenance of remission in Crohn's disease"	2014
"children"	"10.1002/14651858.CD003109.pub3"	"Advanced training in trauma life support for ambulance crews"	2014
"children"	"10.1002/14651858.CD010076.pub2"	"Dental auxiliaries for dental care traditionally provided by dentists"	2014
"children_and_adults"	"10.1002/14651858.CD005098.pub3"	"Reinforcement of anchorage during orthodontic brace treatment with implants or other surgical methods"	2014
"children_and_adults"	"10.1002/14651858.CD000053.pub3"	"Drugs for treating urinary schistosomiasis"	2014
"children"	"10.1002/14651858.CD009992.pub2"	"Topical antifungal treatments for tinea cruris and tinea corporis"	2014
"children"	"10.1002/14651858.CD009230.pub2"	"Fluphenazine versus low‐potency first‐generation antipsychotic drugs for schizophrenia"	2014
"children"	"10.1002/14651858.CD007805.pub2"	"Methods for securing endotracheal tubes in newborn infants"	2014
"children_and_adults"	"10.1002/14651858.CD009583.pub2"	"Nalbuphine for postoperative pain treatment in children"	2014
"children"	"10.1002/14651858.CD010283.pub2"	"Inhaled anticholinergics and short‐acting beta2‐agonists versus short‐acting beta2‐agonists alone for children with acute asthma in hospital"	2014
"children"	"10.1002/14651858.CD010408.pub2"	"Antenatal breast milk expression by women with diabetes for improving infant outcomes"	2014
"children"	"10.1002/14651858.CD009076.pub2"	"Interventions for treating femoral shaft fractures in children and adolescents"	2014
"children"	"10.1002/14651858.CD003772.pub4"	"Antibiotics for acute pyelonephritis in children"	2014
"children_and_adults"	"10.1002/14651858.CD008439.pub3"	"Humanized PA14 (a monoclonal CCR5 antibody) for treatment of people with HIV infection"	2014
"children"	"10.1002/14651858.CD010619.pub2"	"Chinese herbal medicines for treating skin and soft‐tissue infections"	2014
"children"	"10.1002/14651858.CD009700.pub2"	"Deep anterior lamellar keratoplasty versus penetrating keratoplasty for treating keratoconus"	2014
"children"	"10.1002/14651858.CD009878.pub2"	"Inhaled corticosteroids in children with persistent asthma: dose‐response effects on growth"	2014
"children"	"10.1002/14651858.CD009471.pub2"	"Inhaled corticosteroids in children with persistent asthma: effects on growth"	2014
"children_and_adults"	"10.1002/14651858.CD010026.pub2"	"Mannitol versus hypertonic saline for brain relaxation in patients undergoing craniotomy"	2014
"children"	"10.1002/14651858.CD010357.pub2"	"Physician anaesthetists versus non‐physician providers of anaesthesia for surgical patients"	2014
"children"	"10.1002/14651858.CD009224.pub2"	"Phototherapy for treating pressure ulcers"	2014
"children"	"10.1002/14651858.CD009268.pub2"	"Haloperidol versus low‐potency first‐generation antipsychotic drugs for schizophrenia"	2014
"children"	"10.1002/14651858.CD009396.pub2"	"Trifluoperazine versus low‐potency first‐generation antipsychotic drugs for schizophrenia"	2014
"children_and_adults"	"10.1002/14651858.CD007034.pub3"	"Bicarbonate versus lactate solutions for acute peritoneal dialysis"	2014
"children"	"10.1002/14651858.CD005055.pub3"	"Inhaled nitric oxide for the postoperative management of pulmonary hypertension in infants and children with congenital heart disease"	2014
"children"	"10.1002/14651858.CD007331.pub3"	"Task shifting from doctors to non‐doctors for initiation and maintenance of antiretroviral therapy"	2014
"children_and_adults"	"10.1002/14651858.CD003488.pub3"	"Corticosteroids for dengue infection"	2014
"children"	"10.1002/14651858.CD006639.pub4"	"Zinc supplements for preventing otitis media"	2014
"children"	"10.1002/14651858.CD007210.pub3"	"Maintenance treatments for opiate ‐dependent adolescents"	2014
"children_and_adults"	"10.1002/14651858.CD001833.pub3"	"Vaccines for post‐exposure prophylaxis against varicella (chickenpox) in children and adults"	2014
"children"	"10.1002/14651858.CD008625.pub2"	"Antimicrobial drugs for treating cholera"	2014
"children_and_adults"	"10.1002/14651858.CD003148.pub3"	"Psychological interventions for individuals with cystic fibrosis and their families"	2014
"children"	"10.1002/14651858.CD001266.pub4"	"Bronchodilators for bronchiolitis"	2014
"children"	"10.1002/14651858.CD002281.pub3"	"Powered versus manual toothbrushing for oral health"	2014
"children_and_adults"	"10.1002/14651858.CD010749.pub2"	"Vitamins C and E for asthma and exercise‐induced bronchoconstriction"	2014
"children"	"10.1002/14651858.CD008566.pub2"	"Continuous renal replacement therapy (CRRT) for rhabdomyolysis"	2014
"children"	"10.1002/14651858.CD008758.pub2"	"Extra fluids for breastfeeding mothers for increasing milk production"	2014
"children_and_adults"	"10.1002/14651858.CD010327.pub2"	"Combination inhaled corticosteroids and long‐acting beta2‐agonists for children and adults with bronchiectasis"	2014
"children"	"10.1002/14651858.CD010212.pub2"	"Home‐ versus hospital‐based phototherapy for the treatment of non‐haemolytic jaundice in infants at more than 37 weeks' gestation"	2014
"children_and_adults"	"10.1002/14651858.CD001918.pub3"	"Dietary interventions (plant sterols, stanols, omega‐3 fatty acids, soy protein and dietary fibers) for familial hypercholesterolaemia"	2014
"children_and_adults"	"10.1002/14651858.CD009810.pub2"	"Photodynamic therapy for recurrent respiratory papillomatosis"	2014
"children"	"10.1002/14651858.CD008805.pub3"	"Interventions for treating phosphorus burns"	2014
"children"	"10.1002/14651858.CD011056.pub2"	"Impact of morphine, fentanyl, oxycodone or codeine on patient consciousness, appetite and thirst when used to treat cancer pain"	2014
"children_and_adults"	"10.1002/14651858.CD009964.pub2"	"Pre‐referral rectal artesunate for severe malaria"	2014
"children"	"10.1002/14651858.CD003895.pub3"	"Frequency of administration of erythropoiesis‐stimulating agents for the anaemia of end‐stage kidney disease in dialysis patients"	2014
"children"	"10.1002/14651858.CD003463.pub2"	"Trypanocidal drugs for chronic asymptomatic   Trypanosoma cruzi infection"	2014
"children_and_adults"	"10.1002/14651858.CD007683.pub3"	"Laparoscopy for the management of acute lower abdominal pain in women of childbearing age"	2014
"children"	"10.1002/14651858.CD004772.pub4"	"Optimisation of antiretroviral therapy in HIV‐infected children under 3 years of age"	2014
"children_and_adults"	"10.1002/14651858.CD007676.pub2"	"Written emotional disclosure for asthma"	2014
"children"	"10.1002/14651858.CD009446.pub2"	"Topical anti‐inflammatory agents for seborrhoeic dermatitis of the face or scalp"	2014
"children"	"10.1002/14651858.CD003948.pub3"	"Topical agents and dressings for fungating wounds"	2014
"children_and_adults"	"10.1002/14651858.CD007298.pub4"	"Vitamin D supplementation for cystic fibrosis"	2014
"children"	"10.1002/14651858.CD005062.pub4"	"Acupuncture for epilepsy"	2014
"children_and_adults"	"10.1002/14651858.CD009931.pub2"	"Permissive hypoxaemia versus normoxaemia for mechanically ventilated critically ill patients"	2014
"children"	"10.1002/14651858.CD010110.pub2"	"Neostigmine for reversal of neuromuscular block in paediatric patients"	2014
"children"	"10.1002/14651858.CD009808.pub2"	"Interventions for treating fingertip entrapment injuries in children"	2014
"children"	"10.1002/14651858.CD006749.pub3"	"Detoxification treatments for opiate dependent adolescents"	2014
"children"	"10.1002/14651858.CD010071.pub3"	"Platelet‐rich therapies for musculoskeletal soft tissue injuries"	2014
"children"	"10.1002/14651858.CD005284.pub3"	"Treatment for peritoneal dialysis‐associated peritonitis"	2014
"children"	"10.1002/14651858.CD010561.pub2"	"Immune tolerance induction for treating inhibitors in people with congenital haemophilia A or B"	2014
"children"	"10.1002/14651858.CD005387.pub3"	"Physical activity programs for promoting bone mineralization and growth in preterm infants"	2014
"children_and_adults"	"10.1002/14651858.CD008998.pub2"	"Rapid diagnostic tests versus clinical diagnosis for managing people with fever in malaria endemic settings"	2014
"children"	"10.1002/14651858.CD008958.pub2"	"The WHO Health Promoting School framework for improving the health and well‐being of students and their academic achievement"	2014
"children"	"10.1002/14651858.CD005293.pub2"	"Interventions for iatrogenic inferior alveolar and lingual nerve injury"	2014
"children_and_adults"	"10.1002/14651858.CD008965.pub4"	"Neuraminidase inhibitors for preventing and treating influenza in adults and children"	2014
"children"	"10.1002/14651858.CD005087.pub4"	"Sodium channel blockers for cystic fibrosis"	2014
"children_and_adults"	"10.1002/14651858.CD009182.pub2"	"Nitazoxanide for chronic hepatitis C"	2014
"children"	"10.1002/14651858.CD000937.pub2"	"Magnesium supplementation in pregnancy"	2014
"children"	"10.1002/14651858.CD010056.pub2"	"Post‐exposure passive immunisation for preventing measles"	2014
"children_and_adults"	"10.1002/14651858.CD009297.pub2"	"Darbepoetin for the anaemia of chronic kidney disease"	2014
"children"	"10.1002/14651858.CD010915.pub2"	"Behavioral interventions for improving dual‐method contraceptive use"	2014
"children_and_adults"	"10.1002/14651858.CD008115.pub3"	"Systemic corticosteroids for acute sinusitis"	2014
"children"	"10.1002/14651858.CD008785.pub2"	"Interventions based on the Theory of Mind cognitive model for autism spectrum disorder (ASD)"	2014
"children"	"10.1002/14651858.CD010100.pub2"	"Auditory‐verbal therapy for promoting spoken language development in children with permanent hearing impairments"	2014
"children"	"10.1002/14651858.CD006454.pub3"	"Traditional Chinese medicine for epilepsy"	2014
"children"	"10.1002/14651858.CD010115.pub2"	"Inhaled steroids and risk of pneumonia for chronic obstructive pulmonary disease"	2014
"children_and_adults"	"10.1002/14651858.CD006088.pub4"	"Over‐the‐counter (OTC) medications to reduce cough as an adjunct to antibiotics for acute pneumonia in children and adults"	2014
"children"	"10.1002/14651858.CD009850.pub2"	"High‐flow nasal cannula therapy for respiratory support in children"	2014
"children"	"10.1002/14651858.CD001753.pub3"	"Vaccines for preventing influenza in people with cystic fibrosis"	2014
"children_and_adults"	"10.1002/14651858.CD002890.pub2"	"Psychological therapies for thalassaemia"	2014
"children"	"10.1002/14651858.CD009270.pub3"	"Cannabinoids for epilepsy"	2014
"children_and_adults"	"10.1002/14651858.CD006320.pub4"	"Omega 3 fatty acids (fish oil) for maintenance of remission in Crohn's disease"	2014
"children"	"10.1002/14651858.CD005983.pub3"	"Heparin‐bonded catheters for prolonging the patency of central venous catheters in children"	2014
"children"	"10.1002/14651858.CD000530.pub3"	"Echinacea for preventing and treating the common cold"	2014
"children"	"10.1002/14651858.CD010365.pub2"	"Continuous versus interrupted skin sutures for non‐obstetric surgery"	2014
"children_and_adults"	"10.1002/14651858.CD009122.pub2"	"Intensive glucose control versus conventional glucose control for type 1 diabetes mellitus"	2014
"children"	"10.1002/14651858.CD009746.pub2"	"Non‐operative versus operative treatment for blunt pancreatic trauma in children"	2014
"children_and_adults"	"10.1002/14651858.CD006022.pub4"	"Dietary interventions for preventing complications in idiopathic hypercalciuria"	2014
"children"	"10.1002/14651858.CD009015.pub2"	"Intravenous versus inhalational anaesthesia for paediatric outpatient surgery"	2014
"children"	"10.1002/14651858.CD008117.pub2"	"Pharmacological interventions for hypertension in children"	2014
"children"	"10.1002/14651858.CD006546.pub3"	"Kinship care for the safety, permanency, and well‐being of children removed from the home for maltreatment"	2014
"children"	"10.1002/14651858.CD007953.pub2"	"Intermittent versus daily therapy for treating tuberculosis in children"	2014
"children"	"10.1002/14651858.CD009633.pub2"	"Clonidine premedication for postoperative analgesia in children"	2014
"children"	"10.1002/14651858.CD009685.pub2"	"Image guided surgery for the resection of brain tumours"	2014
"children"	"10.1002/14651858.CD009826.pub2"	"Treatment of Kaposi sarcoma in children with HIV‐1 infection"	2014
"children_and_adults"	"10.1002/14651858.CD003137.pub5"	"Addition to inhaled corticosteroids of long‐acting beta2‐agonists versus anti‐leukotrienes for chronic asthma"	2014
"children_and_adults"	"10.1002/14651858.CD010929.pub2"	"Yellow fever vaccine for patients with HIV infection"	2014
"children"	"10.1002/14651858.CD000009.pub4"	"Acupuncture and related interventions for smoking cessation"	2014
"children"	"10.1002/14651858.CD006131.pub3"	"Interventions for Mooren's ulcer"	2014
"children"	"10.1002/14651858.CD010425.pub2"	"Subcutaneous closure versus no subcutaneous closure after non‐caesarean surgical procedures"	2014
"children"	"10.1002/14651858.CD009400.pub2"	"Helminth therapy (worms) for induction of remission in inflammatory bowel disease"	2014
"children_and_adults"	"10.1002/14651858.CD010927"	"Dihydroartemisinin‐piperaquine for treating uncomplicated   Plasmodium falciparum malaria"	2014
"children_and_adults"	"10.1002/14651858.CD003559.pub4"	"Omalizumab for asthma in adults and children"	2014
"children"	"10.1002/14651858.CD004054.pub3"	"Psychological and educational interventions for atopic eczema in children"	2014
"children"	"10.1002/14651858.CD000284.pub3"	"Chlorpromazine versus placebo for schizophrenia"	2014
"children"	"10.1002/14651858.CD006569.pub5"	"Aripiprazole versus other atypical antipsychotics for schizophrenia"	2014
"children"	"10.1002/14651858.CD009722.pub2"	"Immunotherapy for idiopathic lumbosacral plexopathy"	2013
"children"	"10.1002/14651858.CD010044.pub2"	"Mechanical insufflation‐exsufflation for people with neuromuscular disorders"	2013
"children"	"10.1002/14651858.CD010654.pub2"	"Plasma transfusion strategies for critically ill patients"	2013
"children_and_adults"	"10.1002/14651858.CD009119.pub2"	"Chest radiographs for acute lower respiratory tract infections"	2013
"children"	"10.1002/14651858.CD009743.pub2"	"Selective computed tomography (CT) versus routine thoracoabdominal CT for high‐energy blunt‐trauma patients"	2013
"children_and_adults"	"10.1002/14651858.CD010884"	"Resistance exercise training for fibromyalgia"	2013
"children"	"10.1002/14651858.CD009546.pub2"	"Anticholinergic medication for non‐clozapine neuroleptic‐induced hypersalivation in people with schizophrenia"	2013
"children"	"10.1002/14651858.CD010376.pub2"	"Breathing exercises for dysfunctional breathing/hyperventilation syndrome in children"	2013
"children_and_adults"	"10.1002/14651858.CD005000.pub2"	"Aripiprazole alone or in combination for acute mania"	2013
"children"	"10.1002/14651858.CD009587.pub2"	"Nerve blocks for initial pain management of femoral fractures in children"	2013
"children"	"10.1002/14651858.CD007819.pub3"	"Antibacterial agents in composite restorations for the prevention of dental caries"	2013
"children_and_adults"	"10.1002/14651858.CD009019.pub2"	"Combination formoterol and budesonide as maintenance and reliever therapy versus combination inhaler maintenance for chronic asthma in adults and children"	2013
"children"	"10.1002/14651858.CD010193.pub2"	"The Lund concept for severe traumatic brain injury"	2013
"children_and_adults"	"10.1002/14651858.CD009448.pub2"	"Interventions for promoting physical activity in people with cystic fibrosis"	2013
"children"	"10.1002/14651858.CD004975.pub3"	"Once or twice daily versus three times daily amoxicillin with or without clavulanate for the treatment of acute otitis media"	2013
"children"	"10.1002/14651858.CD010514.pub2"	"Triclosan/copolymer containing toothpastes for oral health"	2013
"children"	"10.1002/14651858.CD004551.pub3"	"Pin site care for preventing infections associated with external bone fixators and pins"	2013
"children_and_adults"	"10.1002/14651858.CD005149.pub4"	"Intranasal steroids for acute sinusitis"	2013
"children_and_adults"	"10.1002/14651858.CD008927.pub2"	"Antibody induction therapy for lung transplant recipients"	2013
"children"	"10.1002/14651858.CD010013.pub2"	"Smartphone and tablet self management apps for asthma"	2013
"children"	"10.1002/14651858.CD005516.pub2"	"Enamel etching for bonding fixed orthodontic braces"	2013
"children"	"10.1002/14651858.CD006625.pub3"	"Quetiapine versus other atypical antipsychotics for schizophrenia"	2013
"children"	"10.1002/14651858.CD010427.pub2"	"Antibiotic therapy for the treatment of methicillin‐resistant Staphylococcus aureus (MRSA) in non surgical wounds"	2013
"children_and_adults"	"10.1002/14651858.CD006665.pub3"	"Vitamin C for preventing and treating tetanus"	2013
"children"	"10.1002/14651858.CD010160.pub2"	"Nurse‐led versus doctor‐led preoperative assessment for elective surgical patients requiring regional or general anaesthesia"	2013
"children"	"10.1002/14651858.CD003699.pub4"	"Continuous negative extrathoracic pressure or continuous positive airway pressure compared to conventional ventilation for acute hypoxaemic respiratory failure in children"	2013
"children"	"10.1002/14651858.CD005433.pub2"	"Lactose avoidance for young children with acute diarrhoea"	2013
"children"	"10.1002/14651858.CD009572.pub2"	"Combined and alternating paracetamol and ibuprofen therapy for febrile children"	2013
"children_and_adults"	"10.1002/14651858.CD003195.pub3"	"Urodynamic studies for management of urinary incontinence in children and adults"	2013
"children"	"10.1002/14651858.CD010662.pub2"	"Behavioral interventions for improving condom use for dual protection"	2013
"children_and_adults"	"10.1002/14651858.CD004389.pub3"	"Primaquine for preventing relapse in people with   Plasmodium vivax malaria treated with chloroquine"	2013
"children"	"10.1002/14651858.CD008492.pub3"	"Artemisinin‐based combination therapy for treating uncomplicated   Plasmodium vivax malaria"	2013
"children_and_adults"	"10.1002/14651858.CD010391.pub2"	"Vitamin C for asthma and exercise‐induced bronchoconstriction"	2013
"children"	"10.1002/14651858.CD009481.pub2"	"Narrow‐band ultraviolet B phototherapy versus broad‐band ultraviolet B or psoralen‐ultraviolet A photochemotherapy for psoriasis"	2013
"children"	"10.1002/14651858.CD008375.pub2"	"Orthodontic treatment for distalising upper first molars in children and adolescents"	2013
"children_and_adults"	"10.1002/14651858.CD006323.pub3"	"Pelargonium sidoides extract for treating acute respiratory tract infections"	2013
"children"	"10.1002/14651858.CD008574.pub3"	"Primary closure versus delayed closure for non bite traumatic wounds within 24 hours post injury"	2013
"children_and_adults"	"10.1002/14651858.CD004471.pub3"	"Corticosteroids for viral myocarditis"	2013
"children"	"10.1002/14651858.CD010177.pub2"	"Long‐acting beta2‐agonists for chronic obstructive pulmonary disease"	2013
"children"	"10.1002/14651858.CD006345.pub3"	"Non‐pharmacological interventions for preventing venous insufficiency in a standing worker population"	2013
"children"	"10.1002/14651858.CD009582.pub2"	"Atypical antipsychotics for psychosis in adolescents"	2013
"children"	"10.1002/14651858.CD010666"	"Micronutrient supplementation for children with HIV infection"	2013
"children"	"10.1002/14651858.CD010309.pub2"	"Optimal time for initiating antiretroviral therapy (ART) in HIV‐infected, treatment‐naive children aged 2 to 5 years old"	2013
"children"	"10.1002/14651858.CD006619.pub3"	"Nebulized epinephrine for croup in children"	2013
"children"	"10.1002/14651858.CD007796.pub3"	"Chinese herbal medicine for diabetic peripheral neuropathy"	2013
"children"	"10.1002/14651858.CD010270.pub2"	"Transdermal fentanyl for cancer pain"	2013
"children"	"10.1002/14651858.CD009585.pub2"	"Addition of anti‐leukotriene agents to inhaled corticosteroids in children with persistent asthma"	2013
"children_and_adults"	"10.1002/14651858.CD003564.pub3"	"Beta2‐agonists for exercise‐induced asthma"	2013
"children_and_adults"	"10.1002/14651858.CD001090.pub2"	"Intravenous immunoglobulin for treating sepsis, severe sepsis and septic shock"	2013
"children_and_adults"	"10.1002/14651858.CD003588.pub3"	"Optimal timing for intravascular administration set replacement"	2013
"children_and_adults"	"10.1002/14651858.CD000052.pub3"	"Holding chambers (spacers) versus nebulisers for beta‐agonist treatment of acute asthma"	2013
"children"	"10.1002/14651858.CD009160.pub2"	"Systemic treatments for the prevention of venous thrombo‐embolic events in paediatric cancer patients with tunnelled central venous catheters"	2013
"children_and_adults"	"10.1002/14651858.CD009796.pub2"	"Cognitive behavioural therapies for fibromyalgia"	2013
"children_and_adults"	"10.1002/14651858.CD008642.pub2"	"Chinese herbal medicine for atopic eczema"	2013
"children_and_adults"	"10.1002/14651858.CD007806.pub4"	"Oral rinses, mouthwashes and sprays for improving recovery following tonsillectomy"	2013
"children"	"10.1002/14651858.CD010105.pub2"	"Supraglottic airway devices versus tracheal intubation for airway management during general anaesthesia in obese patients"	2013
"children_and_adults"	"10.1002/14651858.CD003792.pub2"	"Inspiratory muscle training for asthma"	2013
"children"	"10.1002/14651858.CD001073.pub2"	"D‐Penicillamine for preventing retinopathy of prematurity in preterm infants"	2013
"children"	"10.1002/14651858.CD002918.pub3"	"Cervico‐thoracic or lumbar sympathectomy for neuropathic pain and complex regional pain syndrome"	2013
"children_and_adults"	"10.1002/14651858.CD008864.pub2"	"Fibrinogen concentrate in bleeding patients"	2013
"children"	"10.1002/14651858.CD006151.pub3"	"Fundoplication versus postoperative medication for gastro‐oesophageal reflux in children with neurological impairment undergoing gastrostomy"	2013
"children_and_adults"	"10.1002/14651858.CD005487.pub3"	"Infraclavicular brachial plexus block for regional anaesthesia of the lower arm"	2013
"children"	"10.1002/14651858.CD006861.pub3"	"Interventions for erythropoietin‐resistant anaemia in dialysis patients"	2013
"children"	"10.1002/14651858.CD009059.pub2"	"Herbal medicines for fatty liver diseases"	2013
"children"	"10.1002/14651858.CD000060.pub2"	"Combined inhaled anticholinergics and short‐acting beta2‐agonists for initial treatment of acute asthma in children"	2013
"children"	"10.1002/14651858.CD004450.pub3"	"Desferrioxamine mesylate for managing transfusional iron overload in people with transfusion‐dependent thalassaemia"	2013
"children"	"10.1002/14651858.CD004839.pub3"	"Oral deferiprone for iron chelation in people with thalassaemia"	2013
"children"	"10.1002/14651858.CD007401.pub3"	"Probiotics for treating persistent diarrhoea in children"	2013
"children_and_adults"	"10.1002/14651858.CD004677.pub3"	"Selective serotonin reuptake inhibitors (SSRIs) for autism spectrum disorders (ASD)"	2013
"children"	"10.1002/14651858.CD010268.pub2"	"Antibiotic prophylaxis for the prevention of methicillin‐resistant Staphylococcus aureus (MRSA) related complications in surgical patients"	2013
"children"	"10.1002/14651858.CD001477.pub4"	"Antibiotics for preventing complications in children with measles"	2013
"children"	"10.1002/14651858.CD008568.pub2"	"Tripterygium wilfordii Hook F (a traditional Chinese medicine) for primary nephrotic syndrome"	2013
"children"	"10.1002/14651858.CD005532.pub3"	"Vitamin C for preventing and treating pneumonia"	2013
"children"	"10.1002/14651858.CD000122.pub2"	"Early light reduction for preventing retinopathy of prematurity in very low birth weight infants"	2013
"children"	"10.1002/14651858.CD006484.pub3"	"Influenza vaccination in children being treated with chemotherapy for cancer"	2013
"children"	"10.1002/14651858.CD009382.pub2"	"Interventions to improve water quality and supply, sanitation and hygiene practices, and their effects on the nutritional status of children"	2013
"children"	"10.1002/14651858.CD008162.pub2"	"Psychoanalytic/psychodynamic psychotherapy for children and adolescents who have been sexually abused"	2013
"children"	"10.1002/14651858.CD003943.pub3"	"Gastrostomy feeding versus oral feeding alone for children with cerebral palsy"	2013
"children"	"10.1002/14651858.CD009082.pub2"	"Protocolized versus non‐protocolized weaning for reducing the duration of invasive mechanical ventilation in critically ill paediatric patients"	2013
"children"	"10.1002/14651858.CD010109.pub2"	"Xuebijing for paraquat poisoning"	2013
"children"	"10.1002/14651858.CD003884.pub4"	"Oxygen therapy for cystic fibrosis"	2013
"children"	"10.1002/14651858.CD009453.pub2"	"Mass media interventions for reducing mental health‐related stigma"	2013
"children"	"10.1002/14651858.CD010562.pub2"	"Topical application of tranexamic acid for the reduction of bleeding"	2013
"children"	"10.1002/14651858.CD007594.pub3"	"Hydroxyethyl starch (HES) versus other fluid therapies: effects on kidney function"	2013
"children"	"10.1002/14651858.CD003637.pub3"	"Simple behavioural interventions for nocturnal enuresis in children"	2013
"children"	"10.1002/14651858.CD003591.pub3"	"Nonsteroidal anti‐inflammatory drugs and perioperative bleeding in paediatric tonsillectomy"	2013
"children"	"10.1002/14651858.CD002279.pub2"	"Fluoride varnishes for preventing dental caries in children and adolescents"	2013
"children"	"10.1002/14651858.CD003464.pub2"	"Antiplatelet and anticoagulation for patients with prosthetic heart valves"	2013
"children"	"10.1002/14651858.CD009445.pub2"	"Interventions to promote informed consent for patients undergoing surgical and other invasive healthcare procedures"	2013
"children_and_adults"	"10.1002/14651858.CD007545.pub2"	"Rifamycins (rifampicin, rifabutin and rifapentine) compared to isoniazid for preventing tuberculosis in HIV‐negative people at risk of active TB"	2013
"children_and_adults"	"10.1002/14651858.CD009029.pub2"	"Vaccines for preventing enterotoxigenic   Escherichia coli (ETEC) diarrhoea"	2013
"children"	"10.1002/14651858.CD010424.pub2"	"Peritoneal closure versus no peritoneal closure for patients undergoing non‐obstetric abdominal operations"	2013
"children"	"10.1002/14651858.CD003998.pub3"	"Steroids for idiopathic sudden sensorineural hearing loss"	2013
"children_and_adults"	"10.1002/14651858.CD003038.pub2"	"Beta‐lactam versus beta‐lactam‐aminoglycoside combination therapy in cancer patients with neutropenia"	2013
"children"	"10.1002/14651858.CD006201.pub3"	"Chemotherapy for second‐stage Human African trypanosomiasis"	2013
"children"	"10.1002/14651858.CD009415.pub2"	"Zinc supplements for treating thalassaemia and sickle cell disease"	2013
"children"	"10.1002/14651858.CD009987.pub2"	"Decentralising HIV treatment in lower‐ and middle‐income countries"	2013
"children"	"10.1002/14651858.CD008975.pub2"	"Antibiotic and other lock treatments for tunnelled central venous catheter‐related infections in children with cancer"	2013
"children_and_adults"	"10.1002/14651858.CD010210.pub2"	"Single dose oral ibuprofen plus paracetamol (acetaminophen) for acute postoperative pain"	2013
"children"	"10.1002/14651858.CD009584.pub2"	"Specially formulated foods for treating children with moderate acute malnutrition in low‐ and middle‐income countries"	2013
"children_and_adults"	"10.1002/14651858.CD009411.pub2"	"High‐dose chemotherapy followed by autologous stem cell transplantation for patients with relapsed/refractory Hodgkin lymphoma"	2013
"children_and_adults"	"10.1002/14651858.CD004534.pub3"	"Educational and skills‐based interventions for preventing relationship and dating violence in adolescents and young adults"	2013
"children"	"10.1002/14651858.CD008231.pub3"	"Intranasal ipratropium bromide for the common cold"	2013
"children"	"10.1002/14651858.CD002317.pub2"	"Tricyclic drugs for depression in children and adolescents"	2013
"children"	"10.1002/14651858.CD004383.pub3"	"Specialist home‐based nursing services for children with acute and chronic illnesses"	2013
"children"	"10.1002/14651858.CD003563.pub2"	"Dehumidifiers for chronic asthma"	2013
"children"	"10.1002/14651858.CD004795.pub4"	"Fluoroquinolones for treating tuberculosis (presumed drug‐sensitive)"	2013
"children"	"10.1002/14651858.CD001444.pub2"	"Iron therapy for improving psychomotor development and cognitive function in children under the age of three with iron deficiency anaemia"	2013
"children"	"10.1002/14651858.CD008738.pub2"	"Antibiotic prophylaxis for preventing burn wound infection"	2013
"children"	"10.1002/14651858.CD007157.pub2"	"Interventions for the restorative care of amelogenesis imperfecta in children and adolescents"	2013
"children"	"10.1002/14651858.CD009565.pub2"	"Conservative interventions for treating exercise‐related musculotendinous, ligamentous and osseous groin pain"	2013
"children"	"10.1002/14651858.CD009287.pub2"	"Media campaigns for the prevention of illicit drug use in young people"	2013
"children_and_adults"	"10.1002/14651858.CD006335.pub3"	"Chinese herbal medicine Huangqi type formulations for nephrotic syndrome"	2013
"children"	"10.1002/14651858.CD001770.pub3"	"Treatment of infantile spasms"	2013
"children"	"10.1002/14651858.CD004760.pub4"	"Creatine for treating muscle disorders"	2013
"children_and_adults"	"10.1002/14651858.CD009689.pub2"	"Multidisciplinary rehabilitation following botulinum toxin and other focal intramuscular treatment for post‐stroke spasticity"	2013
"children"	"10.1002/14651858.CD004878.pub4"	"Glucocorticoids for acute viral bronchiolitis in infants and young children"	2013
"children"	"10.1002/14651858.CD004874.pub4"	"Antibiotics for community‐acquired pneumonia in children"	2013
"children_and_adults"	"10.1002/14651858.CD000247.pub3"	"Antibiotics for the common cold and acute purulent rhinitis"	2013
"children_and_adults"	"10.1002/14651858.CD006285.pub2"	"Autoinflation for hearing loss associated with otitis media with effusion"	2013
"children"	"10.1002/14651858.CD003124.pub4"	"Acetylcysteine and carbocysteine for acute upper and lower respiratory tract infections in paediatric patients without chronic broncho‐pulmonary disease"	2013
"children"	"10.1002/14651858.CD009378.pub2"	"Primary school‐based behavioural interventions for preventing caries"	2013
"children_and_adults"	"10.1002/14651858.CD009190.pub2"	"Telephone delivered interventions for preventing HIV infection in HIV‐negative persons"	2013
"children"	"10.1002/14651858.CD008862.pub2"	"Repetitive transcranial magnetic stimulation for improving function after stroke"	2013
"children"	"10.1002/14651858.CD008512.pub2"	"Interventions for the prevention of postoperative ear discharge after insertion of ventilation tubes (grommets) in children"	2013
"children"	"10.1002/14651858.CD009607.pub2"	"Swimming training for asthma in children and adolescents aged 18 years and under"	2013
"children"	"10.1002/14651858.CD008416.pub2"	"Multimedia educational interventions for consumers about prescribed and over‐the‐counter medications"	2013
"children"	"10.1002/14651858.CD009774.pub2"	"Parent‐mediated early intervention for young children with autism spectrum disorders (ASD)"	2013
"children"	"10.1002/14651858.CD001293.pub3"	"School‐based programmes for preventing smoking"	2013
"children_and_adults"	"10.1002/14651858.CD007191.pub2"	"Interventions for the prevention of mycobacterium avium complex in adults and children with HIV"	2013
"children"	"10.1002/14651858.CD005038.pub3"	"Massage for promoting mental and physical health in typically developing infants under the age of six months"	2013
"children_and_adults"	"10.1002/14651858.CD002796.pub2"	"'Scared Straight' and other juvenile awareness programs for preventing juvenile delinquency"	2013
"children_and_adults"	"10.1002/14651858.CD004416.pub2"	"Oral evening primrose oil and borage oil for eczema"	2013
"children"	"10.1002/14651858.CD008775.pub2"	"Conservative interventions for treating diaphyseal fractures of the forearm bones in children"	2013
"children_and_adults"	"10.1002/14651858.CD007313.pub3"	"Combination formoterol and budesonide as maintenance and reliever therapy versus current best practice (including inhaled steroid maintenance), for chronic asthma in adults and children"	2013
"children"	"10.1002/14651858.CD003486.pub2"	"Lung lavage for meconium aspiration syndrome in newborn infants"	2013
"children"	"10.1002/14651858.CD006602.pub4"	"Monoclonal antibody for reducing the risk of respiratory syncytial virus infection in children"	2013
"children"	"10.1002/14651858.CD002750.pub2"	"Calcium antagonists as an add‐on therapy for drug‐resistant epilepsy"	2013
"children"	"10.1002/14651858.CD004559.pub4"	"Chinese medicinal herbs for influenza"	2013
"children"	"10.1002/14651858.CD006474.pub3"	"Prebiotics in infants for prevention of allergy"	2013
"children"	"10.1002/14651858.CD006020.pub3"	"Parenting interventions for the prevention of unintentional injuries in childhood"	2013
"children"	"10.1002/14651858.CD000504.pub4"	"Early trophic feeding versus enteral fasting for very preterm or very low birth weight infants"	2013
"children"	"10.1002/14651858.CD002106.pub4"	"Dressings for superficial and partial thickness burns"	2013
"children"	"10.1002/14651858.CD009171.pub2"	"Vasopressin and its analogues for the treatment of refractory hypotension in neonates"	2013
"children"	"10.1002/14651858.CD009594.pub2"	"The role of maintenance therapy in acute promyelocytic leukemia in the first complete remission"	2013
"children"	"10.1002/14651858.CD005028.pub3"	"Topical treatments for chronic plaque psoriasis"	2013
"children"	"10.1002/14651858.CD003951.pub3"	"Surgical versus medical treatment with cyclooxygenase inhibitors for symptomatic patent ductus arteriosus in preterm infants"	2013
"children"	"10.1002/14651858.CD008303.pub2"	"Thromboprophylaxis for trauma patients"	2013
"children"	"10.1002/14651858.CD004591.pub3"	"Lactase treated feeds to promote growth and feeding tolerance in preterm infants"	2013
"children"	"10.1002/14651858.CD004866.pub4"	"Multinutrient fortification of human breast milk for preterm infants following hospital discharge"	2013
"children"	"10.1002/14651858.CD009449.pub2"	"Hydralazine in infants with persistent hypoxemic respiratory failure"	2013
"children"	"10.1002/14651858.CD009442.pub2"	"Hypothermia for neuroprotection in children after cardiopulmonary arrest"	2013
"children"	"10.1002/14651858.CD008888.pub2"	"Inhaled corticosteroids for subacute cough in children"	2013
"children"	"10.1002/14651858.CD003487.pub3"	"Transpyloric versus gastric tube feeding for preterm infants"	2013
"children"	"10.1002/14651858.CD010352"	"Ciclesonide versus other inhaled corticosteroids for chronic asthma in children"	2013
"children_and_adults"	"10.1002/14651858.CD009611.pub3"	"Intermittent versus daily inhaled corticosteroids for persistent asthma in children and adults"	2013
"children_and_adults"	"10.1002/14651858.CD000528.pub2"	"Drugs for treating   Schistosoma mansoni infection"	2013
"children"	"10.1002/14651858.CD003845.pub3"	"Partial liquid ventilation for the prevention of mortality and morbidity in paediatric acute lung injury and acute respiratory distress syndrome"	2013
"children"	"10.1002/14651858.CD003952.pub3"	"Nasal versus oral route for placing feeding tubes in preterm or low birth weight infants"	2013
"children_and_adults"	"10.1002/14651858.CD000364.pub4"	"Vaccines for preventing influenza in people with asthma"	2013
"children"	"10.1002/14651858.CD005458.pub3"	"Antibiotics for mastitis in breastfeeding women"	2013
"children_and_adults"	"10.1002/14651858.CD007770.pub2"	"Oral H1 antihistamines as monotherapy for eczema"	2013
"children_and_adults"	"10.1002/14651858.CD008898.pub2"	"Restorative justice conferencing for reducing recidivism in young offenders (aged 7 to 21)"	2013
"children_and_adults"	"10.1002/14651858.CD001792.pub3"	"Drug therapy for preventing post‐dural puncture headache"	2013
"children_and_adults"	"10.1002/14651858.CD004536.pub3"	"Nutritional interventions for reducing morbidity and mortality in people with HIV"	2013
"children_and_adults"	"10.1002/14651858.CD009296.pub2"	"Nurse versus physician‐led care for the management of asthma"	2013
"children_and_adults"	"10.1002/14651858.CD000980.pub4"	"Vitamin C for preventing and treating the common cold"	2013
"children"	"10.1002/14651858.CD003311.pub3"	"Cooling for newborns with hypoxic ischaemic encephalopathy"	2013
"children"	"10.1002/14651858.CD008300.pub2"	"Treating BCG‐induced disease in children"	2013
"children"	"10.1002/14651858.CD002302.pub2"	"Pressure‐relieving interventions for treating diabetic foot ulcers"	2013
"children"	"10.1002/14651858.CD010067.pub2"	"Slum upgrading strategies involving physical environment and infrastructure interventions and their effects on health and socio‐economic outcomes"	2013
"children_and_adults"	"10.1002/14651858.CD010256"	"Intravenous beta2‐agonists versus intravenous aminophylline for acute asthma"	2012
"children_and_adults"	"10.1002/14651858.CD007787.pub2"	"Drugs for treating giardiasis"	2012
"children_and_adults"	"10.1002/14651858.CD010179"	"Addition of intravenous beta2‐agonists to inhaled beta2‐agonists for acute asthma"	2012
"children"	"10.1002/14651858.CD002277.pub4"	"Intravenous immunoglobulin for myasthenia gravis"	2012
"children"	"10.1002/14651858.CD004796.pub2"	"Manipulative therapies for infantile colic"	2012
"children"	"10.1002/14651858.CD005081.pub3"	"Medical and surgical treatment for ocular myasthenia"	2012
"children"	"10.1002/14651858.CD008411.pub2"	"Sweet‐tasting solutions for needle‐related procedural pain in infants one month to one year of age"	2012
"children"	"10.1002/14651858.CD007991.pub2"	"Zinc supplementation for mental and motor development in children"	2012
"children"	"10.1002/14651858.CD002238.pub2"	"Drugs for nocturnal enuresis in children (other than desmopressin and tricyclics)"	2012
"children_and_adults"	"10.1002/14651858.CD002308.pub2"	"Early use of inhaled corticosteroids in the emergency department treatment of acute asthma"	2012
"children"	"10.1002/14651858.CD004575.pub3"	"Rehabilitation for hamstring injuries"	2012
"children_and_adults"	"10.1002/14651858.CD005607.pub4"	"Antibiotics to reduce post‐tonsillectomy morbidity"	2012
"children_and_adults"	"10.1002/14651858.CD004388.pub6"	"Human recombinant protein C for severe sepsis and septic shock in adult and paediatric patients"	2012
"children"	"10.1002/14651858.CD006726.pub2"	"Psychological therapies for the treatment of post‐traumatic stress disorder in children and adolescents"	2012
"children_and_adults"	"10.1002/14651858.CD005053.pub4"	"Adjuvant antiviral therapy for recurrent respiratory papillomatosis"	2012
"children"	"10.1002/14651858.CD007481.pub3"	"Chemical pleurodesis versus surgical intervention for persistent and recurrent pneumothoraces in cystic fibrosis"	2012
"children"	"10.1002/14651858.CD009017.pub2"	"Clofibrate in combination with phototherapy for unconjugated neonatal hyperbilirubinaemia"	2012
"children"	"10.1002/14651858.CD009129.pub2"	"Routine neonatal circumcision for the prevention of urinary tract infections in infancy"	2012
"children_and_adults"	"10.1002/14651858.CD001167.pub2"	"Antimicrobials for treating symptomatic non‐typhoidal   Salmonella infection"	2012
"children"	"10.1002/14651858.CD006676.pub3"	"Locomotor training for walking after spinal cord injury"	2012
"children_and_adults"	"10.1002/14651858.CD008624.pub3"	"Interventions for drooling in children with cerebral palsy"	2012
"children"	"10.1002/14651858.CD009293.pub2"	"Ketamine for management of acute exacerbations of asthma in children"	2012
"children"	"10.1002/14651858.CD007504.pub2"	"Interventions for preventing relapse and recurrence of a depressive disorder in children and adolescents"	2012
"children"	"10.1002/14651858.CD001456.pub2"	"Early versus delayed selective surfactant treatment for neonatal respiratory distress syndrome"	2012
"children"	"10.1002/14651858.CD004851.pub3"	"Newer generation antidepressants for depressive disorders in children and adolescents"	2012
"children"	"10.1002/14651858.CD008395.pub2"	"Nebulised deoxyribonuclease for viral bronchiolitis in children younger than 24 months"	2012
"children"	"10.1002/14651858.CD009456.pub2"	"Interventions for oropharyngeal dysphagia in children with neurological impairment"	2012
"children"	"10.1002/14651858.CD005304.pub3"	"Interventions for primary (intrinsic) tracheomalacia in children"	2012
"children"	"10.1002/14651858.CD008310.pub2"	"Nebulised surfactant in preterm infants with or at risk of respiratory distress syndrome"	2012
"children"	"10.1002/14651858.CD009468.pub2"	"Male involvement for increasing the effectiveness of prevention of mother‐to‐child HIV transmission (PMTCT) programmes"	2012
"children"	"10.1002/14651858.CD008424.pub2"	"Curcumin for maintenance of remission in ulcerative colitis"	2012
"children"	"10.1002/14651858.CD009429.pub2"	"Pregabalin monotherapy for epilepsy"	2012
"children"	"10.1002/14651858.CD008224.pub2"	"Prophylactic antibiotics to reduce the risk of urinary tract infections after urodynamic studies"	2012
"children"	"10.1002/14651858.CD004811.pub3"	"Family‐centred care for hospitalised children aged 0‐12 years"	2012
"children"	"10.1002/14651858.CD007179.pub2"	"Antibiotics for treating human brucellosis"	2012
"children"	"10.1002/14651858.CD006177.pub3"	"Interventions in the workplace to support breastfeeding for women in employment"	2012
"children_and_adults"	"10.1002/14651858.CD008838.pub2"	"Venom immunotherapy for preventing allergic reactions to insect stings"	2012
"children"	"10.1002/14651858.CD009239.pub2"	"Alternative injectable materials for vocal fold medialisation in unilateral vocal fold paralysis"	2012
"children"	"10.1002/14651858.CD010119"	"Integration of HIV/AIDS services with maternal, neonatal and child health, nutrition, and family planning services"	2012
"children"	"10.1002/14651858.CD005937.pub3"	"Treatments for suppression of lactation"	2012
"children_and_adults"	"10.1002/14651858.CD002986.pub2"	"Ionisers for chronic asthma"	2012
"children"	"10.1002/14651858.CD000995.pub2"	"Alexander technique for chronic asthma"	2012
"children_and_adults"	"10.1002/14651858.CD002151.pub2"	"Antipyretic measures for treating fever in malaria"	2012
"children"	"10.1002/14651858.CD005014.pub3"	"Home safety education and provision of safety equipment for injury prevention"	2012
"children"	"10.1002/14651858.CD005303.pub3"	"Restriction of oral intake of water for aspiration lung disease in children"	2012
"children_and_adults"	"10.1002/14651858.CD009748.pub2"	"Motivational interviewing for improving outcomes in youth living with HIV"	2012
"children"	"10.1002/14651858.CD004461.pub3"	"Interventions for recurrent idiopathic epistaxis (nosebleeds) in children"	2012
"children"	"10.1002/14651858.CD007336.pub3"	"Disease modifying anti‐rheumatic drugs in people with cystic fibrosis‐related arthritis"	2012
"children_and_adults"	"10.1002/14651858.CD001781.pub3"	"Topical treatments for cutaneous warts"	2012
"children_and_adults"	"10.1002/14651858.CD001895.pub3"	"Progestogens with or without oestrogen for irregular uterine bleeding associated with anovulation"	2012
"children"	"10.1002/14651858.CD008948.pub2"	"Irrigants for non‐surgical root canal treatment in mature permanent teeth"	2012
"children"	"10.1002/14651858.CD003517.pub2"	"Optimal duration of exclusive breastfeeding"	2012
"children_and_adults"	"10.1002/14651858.CD004201.pub3"	"Urinary catheter policies for long‐term bladder drainage"	2012
"children"	"10.1002/14651858.CD009133.pub2"	"Music education for improving reading skills in children and adolescents with dyslexia"	2012
"children"	"10.1002/14651858.CD004872.pub3"	"Short‐term late‐generation antibiotics versus longer term penicillin for acute streptococcal pharyngitis in children"	2012
"children"	"10.1002/14651858.CD008935.pub2"	"Adrenaline auto‐injectors for the treatment of anaphylaxis with and without cardiovascular collapse in the community"	2012
"children"	"10.1002/14651858.CD007605.pub2"	"Nutritional interventions for liver‐transplanted patients"	2012
"children"	"10.1002/14651858.CD007448.pub2"	"Antibiotic regimens for the empirical treatment of newborn infants with necrotising enterocolitis"	2012
"children"	"10.1002/14651858.CD006857.pub2"	"Antibiotics for treating lower urinary tract infection in children"	2012
"children"	"10.1002/14651858.CD006987.pub2"	"Antivirals for idiopathic sudden sensorineural hearing loss"	2012
"children"	"10.1002/14651858.CD007189.pub3"	"Antiretroviral pre‐exposure prophylaxis (PrEP) for preventing HIV in high‐risk individuals"	2012
"children_and_adults"	"10.1002/14651858.CD008511.pub2"	"Social skills groups for people aged 6 to 21 with autism spectrum disorders (ASD)"	2012
"children"	"10.1002/14651858.CD009888.pub2"	"Electric fans for reducing adverse health impacts in heatwaves"	2012
"children"	"10.1002/14651858.CD004496.pub3"	"Intraventricular antibiotics for bacterial meningitis in neonates"	2012
"children"	"10.1002/14651858.CD002767.pub2"	"Elective versus symptomatic intravenous antibiotic therapy for cystic fibrosis"	2012
"children_and_adults"	"10.1002/14651858.CD009339.pub2"	"Weight loss interventions for chronic asthma"	2012
"children"	"10.1002/14651858.CD006817.pub3"	"Allopurinol for preventing mortality and morbidity in newborn infants with hypoxic‐ischaemic encephalopathy"	2012
"children_and_adults"	"10.1002/14651858.CD005967.pub4"	"Artesunate versus quinine for treating severe malaria"	2012
"children"	"10.1002/14651858.CD006818.pub2"	"Telemedicine for the support of parents of high‐risk newborn infants"	2012
"children"	"10.1002/14651858.CD007543.pub2"	"Enhanced glucose control for preventing and treating diabetic neuropathy"	2012
"children_and_adults"	"10.1002/14651858.CD004357.pub4"	"Monosodium glutamate avoidance for chronic asthma in adults and children"	2012
"children"	"10.1002/14651858.CD001934.pub2"	"Surgical versus non‐surgical interventions for vocal cord nodules"	2012
"children"	"10.1002/14651858.CD005039.pub3"	"Community‐based supplementary feeding for promoting the growth of children under five years of age in low and middle income countries"	2012
"children"	"10.1002/14651858.CD003953.pub3"	"Antifungal therapy for newborn infants with invasive fungal infection"	2012
"children_and_adults"	"10.1002/14651858.CD006591.pub2"	"Patient education and counselling for promoting adherence to treatment for tuberculosis"	2012
"children"	"10.1002/14651858.CD001930.pub3"	"Cognitive‐behavioural interventions for children who have been sexually abused"	2012
"children"	"10.1002/14651858.CD005257.pub3"	"Interventions for non‐oliguric hyperkalaemia in preterm neonates"	2012
"children_and_adults"	"10.1002/14651858.CD006100.pub2"	"Leukotriene receptor antagonists in addition to usual care for acute asthma in adults and children"	2012
"children"	"10.1002/14651858.CD005556.pub2"	"Interventions for chronic blepharitis"	2012
"children_and_adults"	"10.1002/14651858.CD002314.pub3"	"Anti‐leukotriene agents compared to inhaled corticosteroids in the management of recurrent and/or chronic asthma in adults and children"	2012
"children_and_adults"	"10.1002/14651858.CD008523.pub2"	"Pacing for drug‐refractory or drug‐intolerant hypertrophic cardiomyopathy"	2012
"children"	"10.1002/14651858.CD008344.pub2"	"Nutritional support for liver disease"	2012
"children"	"10.1002/14651858.CD004111.pub2"	"Totally implantable vascular access devices for cystic fibrosis"	2012
"children"	"10.1002/14651858.CD007596.pub3"	"Glucocorticoids for the treatment of anaphylaxis"	2012
"children_and_adults"	"10.1002/14651858.CD003533.pub2"	"Primary care based clinics for asthma"	2012
"children"	"10.1002/14651858.CD003797.pub2"	"Anticholinergic therapy for acute asthma in children"	2012
"children"	"10.1002/14651858.CD005137.pub3"	"Interventions for unilateral and bilateral refractive amblyopia"	2012
"children"	"10.1002/14651858.CD005385.pub3"	"Recombinant human activated protein C for severe sepsis in neonates"	2012
"children"	"10.1002/14651858.CD004426.pub3"	"Treatment for mitochondrial disorders"	2012
"children"	"10.1002/14651858.CD003964.pub3"	"Interventions for preventing infection in nephrotic syndrome"	2012
"children"	"10.1002/14651858.CD003495.pub3"	"Intravenous secretin for autism spectrum disorders (ASD)"	2012
"children"	"10.1002/14651858.CD005530.pub3"	"Combined DTP‐HBV‐HIB vaccine versus separately administered DTP‐HBV and HIB vaccines for primary prevention of diphtheria, tetanus, pertussis, hepatitis B and   Haemophilus influenzae B (HIB)"	2012
"children"	"10.1002/14651858.CD001541.pub3"	"Interventions for ingrowing toenails"	2012
"children_and_adults"	"10.1002/14651858.CD006923.pub3"	"Regular treatment with formoterol for chronic asthma: serious adverse events"	2012
"children"	"10.1002/14651858.CD002744.pub4"	"Neuraminidase inhibitors for preventing and treating influenza in children (published trials only)"	2012
"children"	"10.1002/14651858.CD008173.pub2"	"Prophylactic antibiotics to reduce morbidity and mortality in newborn infants with intercostal catheters"	2012
"children_and_adults"	"10.1002/14651858.CD009238.pub2"	"Helminth therapy (worms) for allergic rhinitis"	2012
"children_and_adults"	"10.1002/14651858.CD007119.pub2"	"Interventions for restoring patency of occluded central venous catheter lumens"	2012
"children"	"10.1002/14651858.CD008596.pub2"	"Histamine H2‐receptor antagonists for urticaria"	2012
"children_and_adults"	"10.1002/14651858.CD008372.pub2"	"Tricyclic antidepressants for autism spectrum disorders (ASD) in children and adolescents"	2012
"children"	"10.1002/14651858.CD005011.pub4"	"Recombinant factor VIIa for the prevention and treatment of bleeding in patients without haemophilia"	2012
"children_and_adults"	"10.1002/14651858.CD009756"	"Mobile phone text messaging for promoting adherence to antiretroviral therapy in patients with HIV infection"	2012
"children_and_adults"	"10.1002/14651858.CD006540.pub2"	"One‐to‐one dietary interventions undertaken in a dental setting to change dietary behaviour"	2012
"children"	"10.1002/14651858.CD005544.pub2"	"Medications for increasing milk supply in mothers expressing breastmilk for their preterm hospitalised infants"	2012
"children"	"10.1002/14651858.CD000510.pub2"	"Prophylactic versus selective use of surfactant in preventing morbidity and mortality in preterm infants"	2012
"children"	"10.1002/14651858.CD008197.pub2"	"Distal aortic perfusion during thoracoabdominal aneurysm repair for prevention of paraplegia"	2012
"children"	"10.1002/14651858.CD004877.pub3"	"Chinese medicinal herbs for sore throat"	2012
"children"	"10.1002/14651858.CD005095.pub2"	"Enteral iron supplementation in preterm and low birth weight infants"	2012
"children_and_adults"	"10.1002/14651858.CD007695.pub3"	"Regular treatment with formoterol versus regular treatment with salmeterol for chronic asthma: serious adverse events"	2012
"children"	"10.1002/14651858.CD006176.pub2"	"Umbilical vein injection for the routine management of third stage of labour"	2012
"children"	"10.1002/14651858.CD008852.pub2"	"Calcineurin inhibitor minimisation versus continuation of calcineurin inhibitor treatment for liver transplant recipients"	2012
"children"	"10.1002/14651858.CD008896.pub2"	"Strategies for improving the acceptability and acceptance of the copper intrauterine device"	2012
"children"	"10.1002/14651858.CD006943.pub2"	"Interventions for covert bacteriuria in children"	2012
"children_and_adults"	"10.1002/14651858.CD005272.pub3"	"Behavioral interventions to reduce the transmission of HIV infection among sex workers and their clients in low‐ and middle‐income countries"	2012
"children"	"10.1002/14651858.CD004560.pub4"	"Chinese medicinal herbs for acute bronchitis"	2012
"children"	"10.1002/14651858.CD009007.pub2"	"Blood transfusions for anaemia in patients with advanced cancer"	2012
"children"	"10.1002/14651858.CD008262.pub2"	"Cold‐water immersion (cryotherapy) for preventing and treating muscle soreness after exercise"	2012
"children"	"10.1002/14651858.CD008264.pub2"	"Antibiotics for leptospirosis"	2012
"children"	"10.1002/14651858.CD009302.pub2"	"Different magnesium sulphate regimens for neuroprotection of the fetus for women at risk of preterm birth"	2012
"children"	"10.1002/14651858.CD003264.pub3"	"Growth hormone for children with chronic kidney disease"	2012
"children"	"10.1002/14651858.CD004003.pub4"	"Environmental sanitary interventions for preventing active trachoma"	2012
"children"	"10.1002/14651858.CD005205.pub3"	"Dietary supplements for established atopic eczema"	2012
"children_and_adults"	"10.1002/14651858.CD003431.pub3"	"Non surgical therapy for anal fissure"	2012
"children"	"10.1002/14651858.CD008155.pub2"	"Surfactant for bacterial pneumonia in late preterm and term infants"	2012
"children"	"10.1002/14651858.CD006659.pub3"	"Carnitine supplementation for inborn errors of metabolism"	2012
"children"	"10.1002/14651858.CD008762.pub2"	"Aloe vera for treating acute and chronic wounds"	2012
"children"	"10.1002/14651858.CD008993.pub2"	"Surgery for congenital choanal atresia"	2012
"children"	"10.1002/14651858.CD003756.pub4"	"Intermittent preventive treatment for malaria in children living in areas with seasonal transmission"	2012
"children"	"10.1002/14651858.CD008225.pub2"	"Behavioural and cognitive‐behavioural group‐based parenting programmes for early‐onset conduct problems in children aged 3 to 12 years"	2012
"children"	"10.1002/14651858.CD004386.pub3"	"Antibiotic prophylaxis for bacterial infections in afebrile neutropenic patients following chemotherapy"	2012
"children_and_adults"	"10.1002/14651858.CD008101.pub2"	"Continuous glucose monitoring systems for type 1 diabetes mellitus"	2012
"children"	"10.1002/14651858.CD006122.pub3"	"High‐carbohydrate, high‐protein, low‐fat versus low‐carbohydrate, high‐protein, high‐fat enteral feeds for burns"	2012
"children"	"10.1002/14651858.CD007966.pub2"	"Prophylactic phototherapy for preventing jaundice in preterm or low birth weight infants"	2012
"children"	"10.1002/14651858.CD001046.pub2"	"Steroids for acute spinal cord injury"	2012
"children"	"10.1002/14651858.CD005477.pub4"	"Single layer versus double layer suture anastomosis of the gastrointestinal tract"	2012
"children"	"10.1002/14651858.CD009037.pub2"	"Interventions for pregnant women with hyperglycaemia not meeting gestational diabetes and type 2 diabetes diagnostic criteria"	2012
"children"	"10.1002/14651858.CD004456.pub3"	"Home visits during pregnancy and after birth for women with an alcohol or drug problem"	2012
"children"	"10.1002/14651858.CD003261.pub3"	"Interventions for impetigo"	2012
"children_and_adults"	"10.1002/14651858.CD008288.pub2"	"Ayurvedic treatments for diabetes mellitus"	2011
"children_and_adults"	"10.1002/14651858.CD003681.pub3"	"Auditory integration training and other sound therapies for autism spectrum disorders (ASD)"	2011
"children"	"10.1002/14651858.CD001454.pub3"	"Diuretics for respiratory distress syndrome in preterm infants"	2011
"children_and_adults"	"10.1002/14651858.CD004857.pub2"	"Oxcarbazepine for acute affective episodes in bipolar disorder"	2011
"children_and_adults"	"10.1002/14651858.CD004106.pub4"	"Combination fluticasone and salmeterol versus fixed dose combination budesonide and formoterol for chronic asthma in adults and children"	2011
"children"	"10.1002/14651858.CD007931.pub2"	"Physical training for McArdle disease"	2011
"children"	"10.1002/14651858.CD007969.pub2"	"Light‐emitting diode phototherapy for unconjugated hyperbilirubinaemia in neonates"	2011
"children_and_adults"	"10.1002/14651858.CD006528.pub2"	"Mirtazapine versus other antidepressive agents for depression"	2011
"children"	"10.1002/14651858.CD008131.pub2"	"Home‐based child development interventions for preschool children from socially disadvantaged families"	2011
"children"	"10.1002/14651858.CD007592.pub2"	"Fluoride supplements (tablets, drops, lozenges or chewing gums) for preventing dental caries in children"	2011
"children"	"10.1002/14651858.CD009085.pub2"	"Intermittent iron supplementation for improving nutrition and development in children under 12 years of age"	2011
"children"	"10.1002/14651858.CD003018.pub3"	"Parent training interventions for Attention Deficit Hyperactivity Disorder (ADHD) in children aged 5 to 18 years"	2011
"children_and_adults"	"10.1002/14651858.CD003754.pub3"	"Oral rehydration salt solution for treating cholera: ≤ 270 mOsm/L solutions vs ≥ 310 mOsm/L solutions"	2011
"children"	"10.1002/14651858.CD005230.pub2"	"Complementary and miscellaneous interventions for nocturnal enuresis in children"	2011
"children"	"10.1002/14651858.CD003065.pub2"	"Tracheal suctioning without disconnection in intubated ventilated neonates"	2011
"children"	"10.1002/14651858.CD003662.pub4"	"Corticosteroids for treating hypotension in preterm infants"	2011
"children_and_adults"	"10.1002/14651858.CD008240.pub2"	"Topical interventions for genital lichen sclerosus"	2011
"children"	"10.1002/14651858.CD009513"	"Interventions to improve adherence to antiretroviral therapy in children with HIV infection"	2011
"children"	"10.1002/14651858.CD002240.pub4"	"Behavioural and cognitive interventions with or without other treatments for the management of faecal incontinence in children"	2011
"children"	"10.1002/14651858.CD007381.pub2"	"Mentoring adolescents to prevent drug and alcohol use"	2011
"children"	"10.1002/14651858.CD006068.pub3"	"Patient isolation measures for infants with candida colonization or infection for preventing or reducing transmission of candida in neonatal units"	2011
"children"	"10.1002/14651858.CD003985.pub3"	"Non‐legislative interventions for the promotion of cycle helmet wearing by children"	2011
"children"	"10.1002/14651858.CD005279.pub4"	"Ultrasound use for the placement of haemodialysis catheters"	2011
"children"	"10.1002/14651858.CD007992.pub2"	"Omega‐3 fatty acids supplementation for autism spectrum disorders (ASD)"	2011
"children"	"10.1002/14651858.CD007907.pub2"	"Surgical interventions for diaphyseal fractures of the radius and ulna in children"	2011
"children"	"10.1002/14651858.CD008538.pub2"	"Sargramostim (GM‐CSF) for induction of remission in Crohn's disease"	2011
"children"	"10.1002/14651858.CD008473.pub2"	"Melatonin for non‐respiratory sleep disorders in visually impaired children"	2011
"children"	"10.1002/14651858.CD000512.pub2"	"Low versus high haemoglobin concentration threshold for blood transfusion for preventing morbidity and mortality in very low birth weight infants"	2011
"children"	"10.1002/14651858.CD007152.pub2"	"Lasers or light sources for treating port‐wine stains"	2011
"children"	"10.1002/14651858.CD003740.pub2"	"Oral immunoglobulin for the prevention of rotavirus infection in low birth weight infants"	2011
"children_and_adults"	"10.1002/14651858.CD005531.pub4"	"Chinese medicinal herbs for measles"	2011
"children"	"10.1002/14651858.CD003439.pub2"	"Impact of tobacco advertising and promotion on increasing adolescent smoking behaviours"	2011
"children"	"10.1002/14651858.CD007453.pub3"	"Interventions for treatment of neonatal hyperglycemia in very low birth weight infants"	2011
"children"	"10.1002/14651858.CD001452.pub4"	"Venepuncture versus heel lance for blood sampling in term neonates"	2011
"children"	"10.1002/14651858.CD007368.pub2"	"Zinc supplementation as an adjunct to antibiotics in the treatment of pneumonia in children 2 to 59 months of age"	2011
"children"	"10.1002/14651858.CD003742.pub2"	"Oral immunoglobulin for the treatment of rotavirus diarrhea in low birth weight infants"	2011
"children"	"10.1002/14651858.CD007615.pub3"	"Interventions for prevention of neonatal hyperglycemia in very low birth weight infants"	2011
"children_and_adults"	"10.1002/14651858.CD004530.pub4"	"Fluoroquinolones for treating typhoid and paratyphoid fever (enteric fever)"	2011
"children"	"10.1002/14651858.CD003956.pub2"	"Granulocyte transfusions for neonates with confirmed or suspected sepsis and neutropenia"	2011
"children"	"10.1002/14651858.CD007842.pub2"	"Acupuncture for slowing the progression of myopia in children and adolescents"	2011
"children"	"10.1002/14651858.CD007849.pub2"	"Acupuncture for autism spectrum disorders (ASD)"	2011
"children"	"10.1002/14651858.CD004595.pub2"	"Screening programmes for developmental dysplasia of the hip in newborn infants"	2011
"children"	"10.1002/14651858.CD005506.pub5"	"Antiemetics for reducing vomiting related to acute gastroenteritis in children and adolescents"	2011
"children"	"10.1002/14651858.CD001817.pub2"	"Diuretics acting on the distal renal tubule for preterm infants with (or developing) chronic lung disease"	2011
"children"	"10.1002/14651858.CD009308"	"Universal family‐based prevention programs for alcohol misuse in young people"	2011
"children"	"10.1002/14651858.CD001025.pub3"	"Counselling for mental health and psychosocial problems in primary care"	2011
"children"	"10.1002/14651858.CD004214.pub4"	"Transfer of preterm infants from incubator to open cot at lower versus higher body weight"	2011
"children"	"10.1002/14651858.CD001453.pub2"	"Intravenous or enteral loop diuretics for preterm infants with (or developing) chronic lung disease"	2011
"children"	"10.1002/14651858.CD003423.pub3"	"Antihistamines and/or decongestants for otitis media with effusion (OME) in children"	2011
"children"	"10.1002/14651858.CD007645.pub2"	"Local anaesthetic eye drops for prevention of pain in preterm infants undergoing screening for retinopathy of prematurity"	2011
"children"	"10.1002/14651858.CD009307"	"Universal multi‐component prevention programs for alcohol misuse in young people"	2011
"children"	"10.1002/14651858.CD003997.pub2"	"Steroids for improving recovery following tonsillectomy in children"	2011
"children"	"10.1002/14651858.CD003062.pub2"	"Cot‐nursing versus incubator care for preterm infants"	2011
"children"	"10.1002/14651858.CD006907.pub2"	"Tight control of mild‐moderate pre‐existing or non‐proteinuric gestational hypertension"	2011
"children"	"10.1002/14651858.CD003309.pub2"	"Deep versus shallow suction of endotracheal tubes in ventilated neonates and young infants"	2011
"children_and_adults"	"10.1002/14651858.CD001291.pub2"	"Community interventions for preventing smoking in young people"	2011
"children"	"10.1002/14651858.CD008235.pub2"	"TPO receptor agonist for chronic idiopathic thrombocytopenic purpura"	2011
"children"	"10.1002/14651858.CD007604.pub2"	"Fluid restriction and prophylactic indomethacin versus prophylactic indomethacin alone for prevention of morbidity and mortality in extremely low birth weight infants"	2011
"children_and_adults"	"10.1002/14651858.CD005198.pub3"	"Therapeutic interventions for Burkitt lymphoma in children"	2011
"children"	"10.1002/14651858.CD004577.pub3"	"Stretching to prevent or reduce muscle soreness after exercise"	2011
"children"	"10.1002/14651858.CD003318.pub3"	"Strategies for integrating primary health services in low‐ and middle‐income countries at the point of delivery"	2011
"children"	"10.1002/14651858.CD003510.pub3"	"Antiretrovirals for reducing the risk of mother‐to‐child transmission of HIV infection"	2011
"children"	"10.1002/14651858.CD007296.pub2"	"Early versus Delayed Refeeding for Children with Acute Diarrhoea"	2011
"children_and_adults"	"10.1002/14651858.CD002851.pub4"	"Scopolamine (hyoscine) for preventing and treating motion sickness"	2011
"children"	"10.1002/14651858.CD008741.pub2"	"Integrating prevention of mother‐to‐child HIV transmission (PMTCT) programmes with other health services for preventing HIV infection and improving HIV outcomes in developing countries"	2011
"children"	"10.1002/14651858.CD008050.pub2"	"Secondary bone grafting for alveolar cleft in children with cleft lip or cleft lip and palate"	2011
"children"	"10.1002/14651858.CD003917.pub4"	"Cardioprotective interventions for cancer patients receiving anthracyclines"	2011
"children"	"10.1002/14651858.CD006374.pub2"	"Antipsychotic medication for early episode schizophrenia"	2011
"children"	"10.1002/14651858.CD003123.pub3"	"Epinephrine for bronchiolitis"	2011
"children_and_adults"	"10.1002/14651858.CD008695.pub2"	"Short courses of antibiotics for children and adults with bronchiectasis"	2011
"children"	"10.1002/14651858.CD008308.pub2"	"Intratracheal Clara cell secretory protein (CCSP) administration in preterm infants with or at risk of respiratory distress syndrome"	2011
"children"	"10.1002/14651858.CD001935.pub3"	"Oral or topical nasal steroids for hearing loss associated with otitis media with effusion in children"	2011
"children_and_adults"	"10.1002/14651858.CD006325.pub3"	"Methotrexate for high‐grade osteosarcoma in children and young adults"	2011
"children"	"10.1002/14651858.CD008476.pub2"	"Folic acid for fragile X syndrome"	2011
"children"	"10.1002/14651858.CD009113"	"Universal school‐based prevention programs for alcohol misuse in young people"	2011
"children_and_adults"	"10.1002/14651858.CD004615.pub3"	"Mannitol and other osmotic diuretics as adjuncts for treating cerebral malaria"	2011
"children_and_adults"	"10.1002/14651858.CD001035.pub2"	"Interventions for encouraging sexual behaviours intended to prevent cervical cancer"	2011
"children"	"10.1002/14651858.CD008182.pub2"	"Treatment of obstructive sleep apnoea for chronic cough in children"	2011
"children"	"10.1002/14651858.CD007839.pub2"	"Acupuncture for Attention Deficit Hyperactivity Disorder (ADHD) in children and adolescents"	2011
"children"	"10.1002/14651858.CD006776.pub2"	"Using alternative statistical formats for presenting risks and risk reductions"	2011
"children_and_adults"	"10.1002/14651858.CD007553.pub2"	"Single dose oral mefenamic acid for acute postoperative pain in adults"	2011
"children"	"10.1002/14651858.CD007294.pub2"	"Chemotherapy wafers for high grade glioma"	2011
"children_and_adults"	"10.1002/14651858.CD008603.pub2"	"Oral vaccines for preventing cholera"	2011
"children"	"10.1002/14651858.CD006505.pub2"	"Vaccines for prophylaxis of viral infections in patients with hematological malignancies"	2011
"children_and_adults"	"10.1002/14651858.CD002211.pub2"	"Dissection versus diathermy for tonsillectomy"	2011
"children"	"10.1002/14651858.CD007578.pub2"	"Notification and support for people exposed to the risk of Creutzfeldt‐Jakob disease (CJD) (or other prion diseases) through medical treatment (iatrogenically)"	2011
"children"	"10.1002/14651858.CD000436.pub3"	"Dietary sodium manipulation and asthma"	2011
"children"	"10.1002/14651858.CD002964.pub2"	"Individual and group based parenting programmes for improving psychosocial outcomes for teenage parents and their children"	2011
"children"	"10.1002/14651858.CD008311.pub2"	"Pharyngeal instillation of surfactant before the first breath for prevention of morbidity and mortality in preterm infants at risk of respiratory distress syndrome"	2011
"children"	"10.1002/14651858.CD007248.pub2"	"Propofol for procedural sedation/anaesthesia in neonates"	2011
"children"	"10.1002/14651858.CD006688.pub2"	"Azithromycin for treating uncomplicated malaria"	2011
"children_and_adults"	"10.1002/14651858.CD007556.pub2"	"Single dose oral fenoprofen for acute postoperative pain in adults"	2011
"children_and_adults"	"10.1002/14651858.CD007295.pub2"	"Pharmacologic treatment of depression in multiple sclerosis"	2011
"children"	"10.1002/14651858.CD003315.pub3"	"Feeding interventions for growth and development in infants with cleft lip, cleft palate or cleft lip and palate"	2011
"children"	"10.1002/14651858.CD004419.pub3"	"Advising patients to increase fluid intake for treating acute respiratory infections"	2011
"children"	"10.1002/14651858.CD006979.pub2"	"Strategies for the withdrawal of nasal continuous positive airway pressure (NCPAP) in preterm infants"	2011
"children"	"10.1002/14651858.CD003600.pub3"	"Modification of the home environment for the reduction of injuries"	2011
"children"	"10.1002/14651858.CD003279.pub3"	"Treatment for Lambert‐Eaton myasthenic syndrome"	2011
"children_and_adults"	"10.1002/14651858.CD004823.pub4"	"Gastro‐oesophageal reflux treatment for prolonged non‐specific cough in children and adults"	2011
"children"	"10.1002/14651858.CD001080.pub2"	"Digoxin for preventing or treating neonatal respiratory distress syndrome"	2011
"children_and_adults"	"10.1002/14651858.CD002893.pub2"	"Sublingual immunotherapy for allergic rhinitis"	2010
"children"	"10.1002/14651858.CD007785.pub2"	"Interventions other than anticoagulants and systemic antibiotics for prevention of central venous catheter‐related infections in children with cancer"	2010
"children"	"10.1002/14651858.CD004971.pub2"	"Different powered toothbrushes for plaque control and gingival health"	2010
"children_and_adults"	"10.1002/14651858.CD006669.pub2"	"High‐dose chemotherapy for children and young adults with stage IV rhabdomyosarcoma"	2010
"children"	"10.1002/14651858.CD000140.pub2"	"Methylxanthine treatment for apnoea in preterm infants"	2010
"children"	"10.1002/14651858.CD000432.pub2"	"Prophylactic methylxanthine for prevention of apnoea in preterm infants"	2010
"children"	"10.1002/14651858.CD005235.pub2"	"Inferior turbinate surgery for nasal obstruction in allergic rhinitis after failed medical treatment"	2010
"children"	"10.1002/14651858.CD000139.pub2"	"Prophylactic methylxanthines for endotracheal extubation in preterm infants"	2010
"children"	"10.1002/14651858.CD008243.pub2"	"Percutaneous lines for delivering intravenous antibiotics in people with cystic fibrosis"	2010
"children"	"10.1002/14651858.CD004492.pub4"	"Stage‐based interventions for smoking cessation"	2010
"children"	"10.1002/14651858.CD005197.pub3"	"Anti‐pseudomonal beta‐lactams for the initial, empirical, treatment of febrile neutropenia: comparison of beta‐lactams"	2010
"children_and_adults"	"10.1002/14651858.CD003940.pub3"	"Interventions for the prevention and management of oropharyngeal candidiasis associated with HIV infection in adults and children"	2010
"children"	"10.1002/14651858.CD005109.pub3"	"Recombinant human interleukin 10 for induction of remission in Crohn's disease"	2010
"children"	"10.1002/14651858.CD007802.pub2"	"Milrinone for persistent pulmonary hypertension of the newborn"	2010
"children"	"10.1002/14651858.CD006633.pub2"	"Clozapine versus other atypical antipsychotics for schizophrenia"	2010
"children_and_adults"	"10.1002/14651858.CD008740"	"Tenofovir or zidovudine in three‐drug combination therapy with one nucleoside reverse transcriptase inhibitor and one non‐nucleoside reverse transcriptase inhibitor for initial treatment of HIV infection in antiretroviral‐naïve individuals"	2010
"children"	"10.1002/14651858.CD001801.pub3"	"Grommets (ventilation tubes) for hearing loss associated with otitis media with effusion in children"	2010
"children"	"10.1002/14651858.CD006944.pub2"	"Vitamin D supplementation for improving bone mineral density in children"	2010
"children"	"10.1002/14651858.CD001095.pub2"	"Short‐course antibiotics for acute otitis media"	2010
"children_and_adults"	"10.1002/14651858.CD008418.pub2"	"Formoterol versus short‐acting beta‐agonists as relief medication for adults and children with asthma"	2010
"children"	"10.1002/14651858.CD006388.pub2"	"Octreotide for the treatment of chylothorax in neonates"	2010
"children"	"10.1002/14651858.CD008437.pub2"	"Respiratory function monitoring to reduce mortality and morbidity in newborn infants receiving resuscitation"	2010
"children"	"10.1002/14651858.CD006784.pub4"	"Antibiotic therapy for Shigella dysentery"	2010
"children_and_adults"	"10.1002/14651858.CD000974.pub2"	"Vaccines for preventing cholera: killed whole cell or other subunit vaccines (injected)"	2010
"children_and_adults"	"10.1002/14651858.CD008651"	"Stavudine or zidovudine in three‐drug combination therapy for initial treatment of HIV infection in antiretroviral‐naïve individuals"	2010
"children"	"10.1002/14651858.CD008246.pub2"	"Flow‐cycled versus time‐cycled synchronized ventilation for neonates"	2010
"children_and_adults"	"10.1002/14651858.CD007943.pub2"	"Surgery for tympanic membrane retraction pockets"	2010
"children"	"10.1002/14651858.CD000174.pub2"	"Prophylactic intravenous indomethacin for preventing mortality and morbidity in preterm infants"	2010
"children"	"10.1002/14651858.CD007570.pub2"	"Lactulose versus Polyethylene Glycol for Chronic Constipation"	2010
"children"	"10.1002/14651858.CD006989.pub2"	"Antihistamines used in addition to topical nasal steroids for intermittent and persistent allergic rhinitis in children"	2010
"children_and_adults"	"10.1002/14651858.CD007316.pub2"	"Combined pharmacotherapy and psychological therapies for post traumatic stress disorder (PTSD)"	2010
"children_and_adults"	"10.1002/14651858.CD006517.pub3"	"Antiretroviral regimens for patients with HIV who fail first‐line antiretroviral therapy"	2010
"children"	"10.1002/14651858.CD008563"	"Prevention of diarrhoea in children with HIV infection or exposure to maternal HIV infection"	2010
"children_and_adults"	"10.1002/14651858.CD007180.pub2"	"Interventions to improve disposal of human excreta for preventing diarrhoea"	2010
"children"	"10.1002/14651858.CD006507.pub2"	"Meditation therapies for attention‐deficit/hyperactivity disorder (ADHD)"	2010
"children"	"10.1002/14651858.CD007539.pub2"	"Pharmacological interventions for the prevention of allergic and febrile non‐haemolytic transfusion reactions"	2010
"children"	"10.1002/14651858.CD007022.pub2"	"Teicoplanin versus vancomycin for proven or suspected infection"	2010
"children"	"10.1002/14651858.CD004299.pub2"	"Interventions for cellulitis and erysipelas"	2010
"children"	"10.1002/14651858.CD007665.pub2"	"Treatment for leiomyosarcoma and leiomyoma in children with HIV infection"	2010
"children_and_adults"	"10.1002/14651858.CD006344.pub3"	"Indigenous healthcare worker involvement for Indigenous adults and children with asthma"	2010
"children"	"10.1002/14651858.CD008132.pub2"	"Iron supplementation for breath‐holding attacks in children"	2010
"children_and_adults"	"10.1002/14651858.CD005535.pub2"	"Addition of long‐acting beta2‐agonists to inhaled corticosteroids versus same dose inhaled corticosteroids for chronic asthma in adults and children"	2010
"children_and_adults"	"10.1002/14651858.CD005006.pub4"	"Different anthracycline derivates for reducing cardiotoxicity in cancer patients"	2010
"children_and_adults"	"10.1002/14651858.CD005533.pub2"	"Addition of long‐acting beta2‐agonists to inhaled steroids versus higher dose inhaled steroids in adults and children with persistent asthma"	2010
"children"	"10.1002/14651858.CD006657.pub2"	"Indoor residual spraying for preventing malaria"	2010
"children"	"10.1002/14651858.CD002300.pub2"	"Cisapride treatment for gastro‐oesophageal reflux in children"	2010
"children_and_adults"	"10.1002/14651858.CD008440"	"Antiretroviral therapy (ART) for treating HIV infection in ART‐eligible pregnant women"	2010
"children"	"10.1002/14651858.CD004015.pub3"	"Lay health workers in primary and community health care for maternal and child health and the management of infectious diseases"	2010
"children_and_adults"	"10.1002/14651858.CD003499.pub3"	"Antiepileptics for aggression and associated impulsivity"	2010
"children"	"10.1002/14651858.CD006973.pub2"	"Interventions for increasing ankle range of motion in patients with neuromuscular disease"	2010
"children_and_adults"	"10.1002/14651858.CD007729.pub2"	"Singing for children and adults with bronchiectasis"	2010
"children"	"10.1002/14651858.CD006343.pub2"	"Antifungal therapy in infants and children with proven, probable or suspected invasive fungal infections"	2010
"children"	"10.1002/14651858.CD001079.pub2"	"Prophylactic protein free synthetic surfactant for preventing morbidity and mortality in preterm infants"	2010
"children"	"10.1002/14651858.CD005089.pub2"	"Partial exchange transfusion to prevent neurodevelopmental disability in infants with polycythemia"	2010
"children"	"10.1002/14651858.CD006894.pub2"	"Interventions for preventing infectious complications in haemodialysis patients with central venous catheters"	2010
"children"	"10.1002/14651858.CD008282"	"Adenoidectomy for recurrent or chronic nasal symptoms in children"	2010
"children"	"10.1002/14651858.CD000273.pub2"	"Caffeine versus theophylline for apnea in preterm infants"	2010
"children"	"10.1002/14651858.CD003469.pub4"	"Botulinum toxin A as an adjunct to treatment in the management of the upper limb in children with spastic cerebral palsy (UPDATE)"	2010
"children"	"10.1002/14651858.CD003278.pub2"	"Scapular fixation in muscular dystrophy"	2010
"children_and_adults"	"10.1002/14651858.CD005417.pub2"	"Home‐based care for reducing morbidity and mortality in people infected with HIV/AIDS"	2010
"children"	"10.1002/14651858.CD004343.pub2"	"Ethamsylate for the prevention of morbidity and mortality in preterm or very low birth weight infants"	2010
"children_and_adults"	"10.1002/14651858.CD007502.pub2"	"Massage therapy for people with HIV/AIDS"	2010
"children_and_adults"	"10.1002/14651858.CD005103.pub2"	"Continuous subcutaneous insulin infusion (CSII) versus multiple insulin injections for type 1 diabetes mellitus"	2010
"children"	"10.1002/14651858.CD000229.pub2"	"Vitamin K prior to preterm birth for preventing neonatal periventricular haemorrhage"	2010
"children"	"10.1002/14651858.CD003897.pub3"	"Interleukin 2 receptor antagonists for kidney transplant recipients"	2010
"children"	"10.1002/14651858.CD007810.pub2"	"Adenoidectomy for otitis media in children"	2010
"children"	"10.1002/14651858.CD005445.pub2"	"Ribavirin plus interferon versus interferon for chronic hepatitis C"	2010
"children_and_adults"	"10.1002/14651858.CD007552.pub2"	"Single dose oral meloxicam for acute postoperative pain in adults"	2009
"children"	"10.1002/14651858.CD005285.pub2"	"Preoperative fasting for preventing perioperative complications in children"	2009
"children"	"10.1002/14651858.CD006597.pub2"	"Specialist nursing interventions for inflammatory bowel disease"	2009
"children_and_adults"	"10.1002/14651858.CD007441.pub2"	"Single dose oral lornoxicam for acute postoperative pain in adults"	2009
"children"	"10.1002/14651858.CD006527.pub3"	"Educational interventions for the prevention of eye injuries"	2009
"children_and_adults"	"10.1002/14651858.CD006340.pub3"	"Tailored interventions based on exhaled nitric oxide versus clinical symptoms for asthma in children and adults"	2009
"children"	"10.1002/14651858.CD008137"	"The impact of conditional cash transfers on health outcomes and use of health services in low and middle income countries"	2009
"children"	"10.1002/14651858.CD006453.pub2"	"Oxcarbazepine versus carbamazepine monotherapy for partial onset seizures"	2009
"children"	"10.1002/14651858.CD003422.pub4"	"Vasodilators and vasoactive substances for idiopathic sudden sensorineural hearing loss"	2009
"children"	"10.1002/14651858.CD006180.pub2"	"Protein‐containing synthetic surfactant versus protein‐free synthetic surfactant for the prevention and treatment of respiratory distress syndrome"	2009
"children"	"10.1002/14651858.CD008175"	"Vitamin D compounds for people with chronic kidney disease not requiring dialysis"	2009
"children"	"10.1002/14651858.CD004835.pub2"	"Surgical excision margins for primary cutaneous melanoma"	2009
"children"	"10.1002/14651858.CD006627.pub2"	"Ziprasidone versus other atypical antipsychotics for schizophrenia"	2009
"children_and_adults"	"10.1002/14651858.CD005307.pub2"	"Addition of long‐acting beta2‐agonists to inhaled steroids as first line therapy for persistent asthma in steroid‐naive adults and children"	2009
"children_and_adults"	"10.1002/14651858.CD005633.pub2"	"Vitamin D compounds for people with chronic kidney disease requiring dialysis"	2009
"children"	"10.1002/14651858.CD005527.pub2"	"Ribavirin monotherapy for chronic hepatitis C"	2009
"children"	"10.1002/14651858.CD004977.pub2"	"Pneumococcal conjugate vaccines for preventing vaccine‐type invasive pneumococcal disease and X‐ray defined pneumonia in children less than two years of age"	2009
"children"	"10.1002/14651858.CD007483.pub2"	"Artemisinin‐based combination therapy for treating uncomplicated malaria"	2009
"children_and_adults"	"10.1002/14651858.CD001000.pub3"	"Corticosteroids for the prevention and treatment of post‐extubation stridor in neonates, children and adults"	2009
"children"	"10.1002/14651858.CD005020.pub3"	"Vision screening for amblyopia in childhood"	2009
"children"	"10.1002/14651858.CD001096.pub2"	"The effects of on‐screen, point of care computer reminders on processes and outcomes of care"	2009
"children_and_adults"	"10.1002/14651858.CD002763.pub2"	"Single dose oral oxycodone and oxycodone plus paracetamol (acetaminophen) for acute postoperative pain in adults"	2009
"children"	"10.1002/14651858.CD006480.pub2"	"Mono and multifaceted inhalant and/or food allergen reduction interventions for preventing asthma in children at high risk of developing asthma"	2009
"children"	"10.1002/14651858.CD002974.pub2"	"High frequency oscillatory ventilation versus conventional ventilation for infants with severe pulmonary dysfunction born at or near term"	2009
"children"	"10.1002/14651858.CD004206.pub2"	"Antiviral agents for treatment of herpes simplex virus infection in neonates"	2009
"children_and_adults"	"10.1002/14651858.CD007303.pub2"	"Erythropoietin or Darbepoetin for patients with cancer ‐ meta‐analysis based on individual patient data"	2009
"children"	"10.1002/14651858.CD006854.pub2"	"Electropalatography for articulation disorders associated with cleft palate"	2009
"children"	"10.1002/14651858.CD005170.pub2"	"Pharmacotherapy for anxiety disorders in children and adolescents"	2009
"children"	"10.1002/14651858.CD007150.pub2"	"Treatment of seizures in multiple sclerosis"	2009
"children_and_adults"	"10.1002/14651858.CD001548.pub2"	"Single dose oral ibuprofen for acute postoperative pain in adults"	2009
"children"	"10.1002/14651858.CD006449.pub2"	"Antistaphylococcal immunoglobulins to prevent staphylococcal infection in very low birth weight infants"	2009
"children_and_adults"	"10.1002/14651858.CD006316.pub3"	"Pneumococcal vaccines for children and adults with bronchiectasis"	2009
"children"	"10.1002/14651858.CD007523.pub2"	"Honey and lozenges for children with non‐specific cough"	2009
"children_and_adults"	"10.1002/14651858.CD004771.pub4"	"Intravenous or intramuscular parecoxib for acute postoperative pain in adults"	2009
"children_and_adults"	"10.1002/14651858.CD007011.pub2"	"Risperidone for attention‐deficit hyperactivity disorder in people with intellectual disabilities"	2009
"children"	"10.1002/14651858.CD006410.pub2"	"Alternatives to inpatient mental health care for children and young people"	2009
"children"	"10.1002/14651858.CD001290.pub2"	"Interventions for educating children who are at risk of asthma‐related emergency department attendance"	2009
"children"	"10.1002/14651858.CD002104.pub3"	"Written information about individual medicines for consumers"	2009
"children"	"10.1002/14651858.CD003362.pub2"	"Male circumcision for prevention of heterosexual acquisition of HIV in men"	2009
"children_and_adults"	"10.1002/14651858.CD004181.pub2"	"Immunoglobulins for preventing hepatitis A"	2009
"children"	"10.1002/14651858.CD006733.pub2"	"Interventions for improving the psychosocial well‐being of children affected by HIV and AIDS."	2009
"children"	"10.1002/14651858.CD006996.pub2"	"Pimozide for tics in Tourette's syndrome"	2009
"children"	"10.1002/14651858.CD007351.pub2"	"Thalidomide and thalidomide analogues for maintenance of remission in Crohn's disease"	2009
"children"	"10.1002/14651858.CD007350.pub2"	"Thalidomide and thalidomide analogues for induction of remission in Crohn's disease"	2009
"children"	"10.1002/14651858.CD006403.pub2"	"Vaccines for preventing anthrax"	2009
"children"	"10.1002/14651858.CD007836"	"Animal derived surfactant extract for treatment of respiratory distress syndrome"	2009
"children"	"10.1002/14651858.CD004726.pub2"	"Education of children and adolescents for the prevention of dog bite injuries"	2009
"children"	"10.1002/14651858.CD001077.pub2"	"Restricted versus liberal oxygen exposure for preventing morbidity and mortality in preterm or low birth weight infants"	2009
"children_and_adults"	"10.1002/14651858.CD000977.pub2"	"Vaccines for preventing tick‐borne encephalitis"	2009
"children"	"10.1002/14651858.CD001402.pub2"	"Newborn screening for cystic fibrosis"	2009
"children"	"10.1002/14651858.CD005080.pub2"	"Intra‐peritoneal prophylactic agents for preventing adhesions and adhesive intestinal obstruction after non‐gynaecological abdominal surgery"	2009
"children"	"10.1002/14651858.CD004367.pub2"	"Olanzapine in long‐term treatment for bipolar disorder"	2009
"children"	"10.1002/14651858.CD007009.pub2"	"Amfetamine for attention deficit hyperactivity disorder in people with intellectual disabilities"	2009
"children"	"10.1002/14651858.CD006736.pub2"	"Iron supplementation for reducing morbidity and mortality in children with HIV"	2009
"children"	"10.1002/14651858.CD005332.pub2"	"Pharmacotherapy and psychotherapy for body dysmorphic disorder"	2009
"children_and_adults"	"10.1002/14651858.CD004754.pub2"	"Pharmacological interventions for preventing complications in idiopathic hypercalciuria"	2009
"children"	"10.1002/14651858.CD004009.pub3"	"Intrarectal quinine versus intravenous or intramuscular quinine for treating   Plasmodium falciparum malaria"	2009
"children_and_adults"	"10.1002/14651858.CD007085.pub2"	"Combination formoterol and inhaled steroid versus beta2‐agonist as relief medication for chronic asthma in adults and children"	2009
"children"	"10.1002/14651858.CD000141.pub2"	"Multiple versus single doses of exogenous surfactant for the prevention or treatment of neonatal respiratory distress syndrome"	2009
"children_and_adults"	"10.1002/14651858.CD004234.pub3"	"Single dose oral naproxen and naproxen sodium for acute postoperative pain in adults"	2009
"children"	"10.1002/14651858.CD006734.pub2"	"Interventions for preventing late postnatal mother‐to‐child transmission of HIV"	2009
"children_and_adults"	"10.1002/14651858.CD001547.pub2"	"Single dose oral paracetamol (acetaminophen) with codeine for postoperative pain in adults"	2009
"children"	"10.1002/14651858.CD006691.pub2"	"Metformin added to insulin therapy for type 1 diabetes mellitus in adolescents"	2009
"children"	"10.1002/14651858.CD003595.pub2"	"Interventions for haemolytic uraemic syndrome and thrombotic thrombocytopenic purpura"	2009
"children"	"10.1002/14651858.CD000059.pub2"	"Clozapine versus typical neuroleptic medication for schizophrenia"	2009
"children"	"10.1002/14651858.CD006972.pub2"	"High versus low dose of initial thyroid hormone replacement for congenital hypothyroidism"	2009
"children_and_adults"	"10.1002/14651858.CD003534.pub3"	"Fluticasone at different doses for chronic asthma in adults and children"	2008
"children"	"10.1002/14651858.CD006312.pub2"	"Adrenaline (epinephrine) for the treatment of anaphylaxis with and without shock"	2008
"children"	"10.1002/14651858.CD002173.pub2"	"Inhaled sodium cromoglycate for asthma in children"	2008
"children_and_adults"	"10.1002/14651858.CD003135.pub4"	"Fluticasone versus placebo for chronic asthma in adults and children"	2008
"children"	"10.1002/14651858.CD004571.pub2"	"Calcium antagonists for Duchenne muscular dystrophy"	2008
"children"	"10.1002/14651858.CD006163.pub2"	"Parenteral calcium for intensive care unit patients"	2008
"children"	"10.1002/14651858.CD003005.pub2"	"Caudal epidural block versus other methods of postoperative pain relief for circumcision in boys"	2008
"children"	"10.1002/14651858.CD002969.pub2"	"Interventions for improving communication with children and adolescents about their cancer"	2008
"children_and_adults"	"10.1002/14651858.CD005644.pub2"	"Antimotility agents for chronic diarrhoea in people with HIV/AIDS"	2008
"children"	"10.1002/14651858.CD005579.pub2"	"Pharmacological interventions for clozapine‐induced hypersalivation"	2008
"children"	"10.1002/14651858.CD006294.pub2"	"Radioiodine treatment for pediatric Graves' disease"	2008
"children"	"10.1002/14651858.CD006801.pub2"	"Custom‐made foot orthoses for the treatment of foot pain"	2008
"children"	"10.1002/14651858.CD006279.pub2"	"Intervention for dysarthria associated with acquired brain injury in children and adolescents"	2008
"children"	"10.1002/14651858.CD006277.pub2"	"Personal assistance for children and adolescents (0‐18) with physical impairments"	2008
"children"	"10.1002/14651858.CD006064.pub2"	"Antenatal breast examination for promoting breastfeeding"	2008
"children"	"10.1002/14651858.CD006481.pub2"	"Hepatitis B immunisation in persons not previously exposed to hepatitis B or with unknown exposure status"	2008
"children"	"10.1002/14651858.CD006286.pub2"	"Intranasal corticosteroids for nasal airway obstruction in children with moderate to severe adenoidal hypertrophy"	2008
"children"	"10.1002/14651858.CD004812.pub3"	"Interventions implemented through sporting organisations for increasing participation in sport"	2008
"children"	"10.1002/14651858.CD006858.pub2"	"Personal assistance for children and adolescents (0‐18) with intellectual impairments"	2008
"children"	"10.1002/14651858.CD001340.pub2"	"Extracorporeal membrane oxygenation for severe respiratory failure in newborn infants"	2008
"children"	"10.1002/14651858.CD004809.pub3"	"Policy interventions implemented through sporting organisations for promoting healthy behaviour change"	2008
"children"	"10.1002/14651858.CD006859.pub2"	"Personal assistance for children and adolescents (0‐18) with both physical and intellectual impairments"	2008
"children"	"10.1002/14651858.CD006445.pub2"	"Chest physiotherapy for reducing respiratory morbidity in infants requiring ventilatory support"	2008
"children"	"10.1002/14651858.CD001815.pub2"	"Erythromycin for the prevention and treatment of feeding intolerance in preterm infants"	2008
"children_and_adults"	"10.1002/14651858.CD001539.pub2"	"Recordings or summaries of consultations for people with cancer"	2008
"children_and_adults"	"10.1002/14651858.CD006363.pub2"	"Regular treatment with salmeterol for chronic asthma: serious adverse events"	2008
"children_and_adults"	"10.1002/14651858.CD005401.pub3"	"Bicycle helmet legislation for the uptake of helmet use and prevention of head injuries"	2008
"children"	"10.1002/14651858.CD006358.pub2"	"Financial benefits for child health and well‐being in low income or socially disadvantaged families in developed world countries"	2008
"children"	"10.1002/14651858.CD002772.pub3"	"Continuous heparin infusion to prevent thrombosis and catheter occlusion in neonates with peripherally placed percutaneous central venous catheters"	2008
"children"	"10.1002/14651858.CD005604.pub3"	"Anti‐histamines for prolonged non‐specific cough in children"	2008
"children"	"10.1002/14651858.CD005976.pub2"	"Short‐course versus long‐course antibiotic therapy for non‐severe community‐acquired pneumonia in children aged 2 months to 59 months"	2008
"children_and_adults"	"10.1002/14651858.CD006217.pub2"	"Ciclesonide versus placebo for chronic asthma in adults and children"	2008
"children_and_adults"	"10.1002/14651858.CD001429.pub2"	"Emergency intubation for acutely ill and injured patients"	2008
"children_and_adults"	"10.1002/14651858.CD007031"	"Ciclesonide versus other inhaled steroids for chronic asthma in children and adults"	2008
"children"	"10.1002/14651858.CD005954.pub2"	"Exercise therapy in juvenile idiopathic arthritis"	2008
"children"	"10.1002/14651858.CD006792.pub2"	"Traditional corticosteroids for induction of remission in Crohn's disease"	2008
"children"	"10.1002/14651858.CD007008.pub2"	"Cognitive‐behavioural interventions for preventing youth gang involvement for children and young people (7‐16)"	2008
"children"	"10.1002/14651858.CD007002.pub2"	"Opportunities provision for preventing youth gang involvement for children and young people (7‐16)"	2008
"children"	"10.1002/14651858.CD001187.pub3"	"House dust mite control measures for asthma"	2008
"children"	"10.1002/14651858.CD005536.pub2"	"Commercial versus home‐made spacers in delivering bronchodilator therapy for acute therapy in children"	2008
"children"	"10.1002/14651858.CD007006"	"Abstinence‐plus programs for HIV infection prevention in high‐income countries"	2008
"children"	"10.1002/14651858.CD006090.pub2"	"Vitamin A for preventing acute lower respiratory tract infections in children up to seven years of age"	2008
"children"	"10.1002/14651858.CD002977.pub2"	"Devices and pressure sources for administration of nasal continuous positive airway pressure (NCPAP) in preterm neonates"	2008
"children"	"10.1002/14651858.CD005203.pub2"	"Dietary exclusions for established atopic eczema"	2008
"children"	"10.1002/14651858.CD006181.pub2"	"Prophylactic surgical ligation of patent ductus arteriosus for prevention of mortality and morbidity in extremely low birth weight infants"	2008
"children"	"10.1002/14651858.CD005177.pub2"	"Interventions for noisy breathing in patients near to death"	2008
"children"	"10.1002/14651858.CD006071.pub2"	"Continuous infusion versus intermittent bolus doses of indomethacin for patent ductus arteriosus closure in symptomatic preterm infants"	2008
"children"	"10.1002/14651858.CD004212.pub3"	"Opioids for neonates receiving mechanical ventilation"	2008
"children_and_adults"	"10.1002/14651858.CD005989.pub2"	"Herbal interventions for chronic asthma in adults and children"	2008
"children"	"10.1002/14651858.CD006179.pub2"	"Prophylactic systemic antibiotics to reduce morbidity and mortality in neonates with central venous catheters"	2008
"children"	"10.1002/14651858.CD006957"	"Inhaled nitric oxide for acute chest syndrome in people with sickle cell disease"	2008
"children"	"10.1002/14651858.CD005649.pub2"	"Treatment Foster Care for improving outcomes in children and young people"	2008
"children"	"10.1002/14651858.CD006686.pub2"	"Bradykinin beta‐2 receptor antagonists for acute traumatic brain injury"	2008
"children"	"10.1002/14651858.CD004862.pub2"	"Nutrient‐enriched formula milk versus human breast milk for preterm infants following hospital discharge"	2007
"children"	"10.1002/14651858.CD006164.pub2"	"Interventions for the prevention of nutritional rickets in term born children"	2007
"children_and_adults"	"10.1002/14651858.CD005500.pub2"	"Topical pimecrolimus for eczema"	2007
"children_and_adults"	"10.1002/14651858.CD002310.pub4"	"Fluticasone versus beclomethasone or budesonide for chronic asthma in adults and children"	2007
"children"	"10.1002/14651858.CD003063.pub3"	"Early surfactant administration with brief ventilation vs. selective surfactant and continued mechanical ventilation for preterm infants with or at risk for respiratory distress syndrome"	2007
"children"	"10.1002/14651858.CD005224.pub2"	"Immunosuppressive agents for myasthenia gravis"	2007
"children_and_adults"	"10.1002/14651858.CD006427.pub2"	"Oral non steroid anti‐inflammatories for children and adults with bronchiectasis"	2007
"children"	"10.1002/14651858.CD006072.pub2"	"Effect of taurine supplementation on growth and development in preterm or low birth weight infants"	2007
"children"	"10.1002/14651858.CD006069.pub3"	"Protein containing synthetic surfactant versus animal derived surfactant extract for the prevention and treatment of respiratory distress syndrome"	2007
"children"	"10.1002/14651858.CD004697.pub3"	"Prophylactic antibiotics to reduce morbidity and mortality in neonates with umbilical artery catheters"	2007
"children"	"10.1002/14651858.CD003237.pub2"	"Modes of administration of antibiotics for symptomatic severe urinary tract infections"	2007
"children"	"10.1002/14651858.CD001943.pub2"	"Loxapine for schizophrenia"	2007
"children"	"10.1002/14651858.CD006863"	"Protein restriction for children with chronic kidney disease"	2007
"children"	"10.1002/14651858.CD005421.pub2"	"Abstinence‐only programs for HIV infection prevention in high‐income countries"	2007
"children"	"10.1002/14651858.CD005110.pub2"	"Hypnotherapy for treatment of irritable bowel syndrome"	2007
"children_and_adults"	"10.1002/14651858.CD005650.pub2"	"Cognitive‐behavioral treatment for antisocial behavior in youth in residential treatment"	2007
"children"	"10.1002/14651858.CD005648.pub2"	"Homeopathy for attention deficit/hyperactivity disorder or hyperkinetic disorder"	2007
"children"	"10.1002/14651858.CD000498.pub2"	"Intraventricular streptokinase after intraventricular hemorrhage in newborn infants"	2007
"children_and_adults"	"10.1002/14651858.CD003960.pub3"	"Tegaserod for the treatment of irritable bowel syndrome and chronic constipation"	2007
"children"	"10.1002/14651858.CD005414.pub2"	"Interventions for preventing non‐melanoma skin cancers in high‐risk groups"	2007
"children"	"10.1002/14651858.CD001832.pub3"	"Third generation cephalosporins versus conventional antibiotics for treating acute bacterial meningitis"	2007
"children"	"10.1002/14651858.CD005108.pub2"	"Self‐management education programmes by lay leaders for people with chronic conditions"	2007
"children"	"10.1002/14651858.CD005324.pub2"	"Bisphosphonate therapy for children and adolescents with secondary osteoporosis"	2007
"children"	"10.1002/14651858.CD000195.pub2"	"Corticosteroids for preventing relapse following acute exacerbations of asthma"	2007
"children_and_adults"	"10.1002/14651858.CD000320.pub2"	"Interventions for treating scabies"	2007
"children"	"10.1002/14651858.CD004404.pub3"	"Antibiotics for whooping cough (pertussis)"	2007
"children"	"10.1002/14651858.CD001434.pub2"	"Topical treatments for fungal infections of the skin and nails of the foot."	2007
"children_and_adults"	"10.1002/14651858.CD006218.pub2"	"Influenza vaccine for children and adults with bronchiectasis"	2007
"children"	"10.1002/14651858.CD004338.pub3"	"Prophylactic antibiotics to reduce morbidity and mortality in ventilated newborn infants"	2007
"children"	"10.1002/14651858.CD004263.pub2"	"Vaccines for preventing Japanese encephalitis"	2007
"children"	"10.1002/14651858.CD004027.pub2"	"Antipsychotic medication for childhood‐onset schizophrenia"	2007
"children"	"10.1002/14651858.CD004440.pub2"	"Recombinant growth hormone for idiopathic short stature in children and adolescents"	2007
"children"	"10.1002/14651858.CD005588.pub2"	"Magnesium sulfate for persistent pulmonary hypertension of the newborn"	2007
"children"	"10.1002/14651858.CD001825.pub2"	"Closed suction surgical wound drainage after orthopaedic surgery"	2007
"children_and_adults"	"10.1002/14651858.CD002739.pub3"	"Inhaled corticosteroids compared to placebo for prevention of exercise induced bronchoconstriction"	2007
"children"	"10.1002/14651858.CD004913.pub2"	"Vaccines for preventing smallpox"	2007
"children_and_adults"	"10.1002/14651858.CD001281.pub2"	"Long‐acting beta2‐agonists versus theophylline for maintenance treatment of asthma"	2007
"children"	"10.1002/14651858.CD003795.pub2"	"Cow's milk protein avoidance and development of childhood wheeze in children with a family history of atopy"	2007
"children"	"10.1002/14651858.CD005129.pub2"	"Immunoglobulins, vaccines or interferon for preventing cytomegalovirus disease in solid organ transplant recipients"	2007
"children"	"10.1002/14651858.CD005646.pub2"	"Cotrimoxazole for prophylaxis or treatment of opportunistic infections of HIV/AIDS in patients with previous history of hypersensitivity to cotrimoxazole"	2007
"children"	"10.1002/14651858.CD003480.pub3"	"Prolonged versus short course of indomethacin for the treatment of patent ductus arteriosus in preterm infants"	2007
"children"	"10.1002/14651858.CD005434.pub2"	"Electronic mosquito repellents for preventing mosquito bites and malaria infection"	2007
"children"	"10.1002/14651858.CD004215.pub2"	"Double wall versus single wall incubator for reducing heat loss in very low birth weight infants in incubators"	2007
"children"	"10.1002/14651858.CD004099.pub2"	"Routine hospital admission versus out‐patient or home care in children at diagnosis of type 1 diabetes mellitus"	2007
"children"	"10.1002/14651858.CD006160.pub2"	"H1‐antihistamines for the treatment of anaphylaxis with and without shock"	2007
"children"	"10.1002/14651858.CD001890.pub3"	"Correction of chronic metabolic acidosis for chronic kidney disease patients"	2007
"children"	"10.1002/14651858.CD005946.pub2"	"Postnatal thyroid hormones for respiratory distress syndrome in preterm infants"	2007
"children"	"10.1002/14651858.CD005945.pub2"	"Postnatal thyroid hormones for preterm infants with transient hypothyroxinaemia"	2007
"children"	"10.1002/14651858.CD005948.pub2"	"Prophylactic postnatal thyroid hormones for prevention of morbidity and mortality in preterm infants"	2007
"children"	"10.1002/14651858.CD006333"	"Mother and baby units for schizophrenia"	2007
"children"	"10.1002/14651858.CD004676.pub2"	"School feeding for improving the physical and psychosocial health of disadvantaged students"	2007
"children"	"10.1002/14651858.CD004931.pub2"	"Intragastric balloon for obesity"	2007
"children_and_adults"	"10.1002/14651858.CD004932.pub2"	"Prevention and treatment of cryptosporidiosis in immunocompromised patients"	2007
"children"	"10.1002/14651858.CD003163.pub4"	"Topical nasal steroids for intermittent and persistent allergic rhinitis in children"	2007
"children"	"10.1002/14651858.CD004782.pub2"	"Chinese medicinal herbs for the common cold"	2007
"children"	"10.1002/14651858.CD004163.pub2"	"Identification of children in the first four years of life for early treatment for otitis media with effusion"	2007
"children"	"10.1002/14651858.CD003760.pub3"	"Behavioural and cognitive behavioural training interventions for assisting foster carers in the management of difficult behaviour"	2007
"children_and_adults"	"10.1002/14651858.CD001385.pub2"	"Long‐acting beta2‐agonists for chronic asthma in adults and children where background therapy contains varied or no inhaled corticosteroid"	2007
"children"	"10.1002/14651858.CD005090.pub2"	"The effect of inotropes on morbidity and mortality in preterm infants with low systemic or organ blood flow"	2007
"children"	"10.1002/14651858.CD005040.pub2"	"Risperidone for autism spectrum disorder"	2007
"children"	"10.1002/14651858.CD005383.pub2"	"Antithrombin for respiratory distress syndrome in preterm infants"	2006
"children"	"10.1002/14651858.CD006199"	"Vaccines for preventing malaria (blood‐stage)"	2006
"children_and_adults"	"10.1002/14651858.CD006198"	"Vaccines for preventing malaria (pre‐erythrocytic)"	2006
"children_and_adults"	"10.1002/14651858.CD002884.pub2"	"Heliox for non‐intubated acute asthma patients"	2006
"children"	"10.1002/14651858.CD003727.pub3"	"Anticholinergics for neuroleptic‐induced acute akathisia"	2006
"children"	"10.1002/14651858.CD003741.pub4"	"Soy formula for prevention of allergy and food intolerance in infants"	2006
"children"	"10.1002/14651858.CD004592.pub2"	"Single versus double volume exchange transfusion in jaundiced newborn infants"	2006
"children"	"10.1002/14651858.CD003873.pub2"	"Interventions for growth failure in childhood Crohn's disease"	2005
"children"	"10.1002/14651858.CD004974.pub2"	"Immunostimulants for preventing respiratory tract infection in children"	2006
"children"	"10.1002/14651858.CD004869.pub2"	"Cysteine, cystine or N‐acetylcysteine supplementation in parenterally fed neonates"	2006
"children_and_adults"	"10.1002/14651858.CD004826.pub2"	"Probiotics for maintenance of remission in Crohn's disease"	2006
"children"	"10.1002/14651858.CD003489.pub2"	"Malaria chemoprophylaxis in sickle cell disease"	2006
"children"	"10.1002/14651858.CD004175.pub2"	"Salicylate for the treatment of Kawasaki disease in children"	2006
"children"	"10.1002/14651858.CD004401.pub2"	"Antibiotics for the prevention of acute and chronic suppurative otitis media in children"	2006
"children"	"10.1002/14651858.CD004856.pub2"	"Behavioural and cognitive behavioural therapy for obsessive compulsive disorder in children and adolescents"	2006
"children"	"10.1002/14651858.CD005311.pub2"	"Parent‐initiated oral corticosteroid therapy for intermittent wheezing illnesses in children"	2006
"children"	"10.1002/14651858.CD005093.pub2"	"Increased energy intake for preterm infants with (or developing) bronchopulmonary dysplasia/chronic lung disease"	2006
"children"	"10.1002/14651858.CD001442.pub2"	"Patient support and education for promoting adherence to highly active antiretroviral therapy for HIV/AIDS"	2006
"children"	"10.1002/14651858.CD005306.pub2"	"Written action plans for asthma in children"	2006
"children"	"10.1002/14651858.CD005075.pub2"	"Indoor air modification interventions for prolonged non‐specific cough in children"	2006
"children"	"10.1002/14651858.CD004108.pub2"	"Nedocromil sodium for chronic asthma in children"	2006
"children_and_adults"	"10.1002/14651858.CD005558.pub2"	"Independent living programmes for improving outcomes for young people leaving the care system"	2006
"children"	"10.1002/14651858.CD004390.pub2"	"Oral versus intravenous rehydration for treating dehydration due to gastroenteritis in children"	2006
"children"	"10.1002/14651858.CD001694.pub2"	"Aerosolized diuretics for preterm infants with (or developing) chronic lung disease"	2006
"children"	"10.1002/14651858.CD004606.pub2"	"School‐based secondary prevention programmes for preventing violence"	2006
"children"	"10.1002/14651858.CD005463.pub2"	"Individual and group‐based parenting programmes for the treatment of physical child abuse and neglect"	2006
"children"	"10.1002/14651858.CD001275.pub2"	"Therapeutic ultrasound for pressure ulcers"	2006
"children"	"10.1002/14651858.CD005657.pub2"	"Topical analgesia for acute otitis media"	2006
"children"	"10.1002/14651858.CD005037.pub2"	"Selenium for alleviating the side effects of chemotherapy, radiotherapy and surgery in cancer patients"	2006
"children"	"10.1002/14651858.CD004348.pub2"	"Setting and organization of care for persons living with HIV/AIDS"	2006
"children"	"10.1002/14651858.CD004262.pub2"	"Disposable nappies for preventing napkin dermatitis in infants"	2006
"children"	"10.1002/14651858.CD004691.pub2"	"Exercise in prevention and treatment of anxiety and depression among children and young people"	2006
"children"	"10.1002/14651858.CD005112.pub2"	"Tumour necrosis factor alpha blocking agents for induction of remission in ulcerative colitis"	2006
"children"	"10.1002/14651858.CD003599.pub2"	"Diuretics for Ménière's disease or syndrome"	2006
"children"	"10.1002/14651858.CD005365.pub2"	"Antibiotic prophylaxis for surgical introduction of intracranial ventricular shunts"	2006
"children"	"10.1002/14651858.CD004790.pub2"	"Hepatitis B immunisation for newborn infants of hepatitis B surface antigen‐positive mothers"	2006
"children"	"10.1002/14651858.CD005602.pub2"	"Leukotriene receptor antagonist for prolonged non‐specific cough in children"	2006
"children_and_adults"	"10.1002/14651858.CD005309.pub3"	"Fluticasone versus 'extrafine' HFA‐beclomethasone dipropionate for chronic asthma in adults and children"	2006
"children"	"10.1002/14651858.CD004979.pub2"	"Oral antibiotics versus parenteral antibiotics for severe pneumonia in children"	2006
"children"	"10.1002/14651858.CD001814.pub2"	"Developmental care for promoting development and preventing morbidity in preterm infants"	2006
"children_and_adults"	"10.1002/14651858.CD003558.pub2"	"Inhaled corticosteroids versus sodium cromoglycate in children and adults with asthma"	2006
"children"	"10.1002/14651858.CD005119.pub2"	"Calcium supplementation for improving bone mineral density in children"	2006
"children"	"10.1002/14651858.CD005965"	"Artemether‐lumefantrine (four‐dose regimen) for treating uncomplicated falciparum malaria"	2006
"children"	"10.1002/14651858.CD005966"	"Vaccines for preventing malaria (SPf66)"	2006
"children"	"10.1002/14651858.CD004864.pub2"	"Sodium bicarbonate infusion during resuscitation of infants at birth"	2006
"children"	"10.1002/14651858.CD004532.pub2"	"Routine surgery in addition to chemotherapy for treating spinal tuberculosis"	2006
"children"	"10.1002/14651858.CD005608"	"Systemic antibiotics versus topical treatments for chronically discharging ears with underlying eardrum perforations"	2006
"children"	"10.1002/14651858.CD004334.pub2"	"Interventions for promoting booster seat use in four to eight year olds travelling in motor vehicles"	2006
"children"	"10.1002/14651858.CD001433.pub2"	"Interventions for chronic palmoplantar pustulosis"	2006
"children"	"10.1002/14651858.CD004966.pub2"	"Sulfadoxine‐pyrimethamine plus artesunate versus sulfadoxine‐pyrimethamine plus amodiaquine for treating uncomplicated malaria"	2006
"children_and_adults"	"10.1002/14651858.CD005030.pub2"	"Interventions for prevention of drug use by young people delivered in non‐school settings"	2006
"children_and_adults"	"10.1002/14651858.CD001491.pub2"	"Holding chambers versus nebulisers for inhaled steroids in chronic asthma"	2006
"children"	"10.1002/14651858.CD003508.pub2"	"Cotrimoxazole prophylaxis for opportunistic infections in children with HIV infection"	2006
"children"	"10.1002/14651858.CD002206.pub3"	"Media‐based behavioural treatments for behavioural problems in children"	2006
"children"	"10.1002/14651858.CD002885.pub2"	"Oral xanthines as maintenance treatment for asthma in children"	2006
"children"	"10.1002/14651858.CD005386.pub2"	"Pre‐discharge car seat challenge for preventing morbidity and mortality in preterm infants"	2006
"children"	"10.1002/14651858.CD005564"	"Artemether‐lumefantrine (six‐dose regimen) for treating uncomplicated falciparum malaria"	2005
"children"	"10.1002/14651858.CD002980.pub3"	"Acyclovir for treating varicella in otherwise healthy children and adolescents"	2005
"children"	"10.1002/14651858.CD004797.pub4"	"Multisystemic Therapy for social, emotional, and behavioral problems in youth aged 10‐17"	2005
"children"	"10.1002/14651858.CD005251.pub2"	"Prophylactic antibiotics to reduce morbidity and mortality in neonates with umbilical venous catheters"	2005
"children"	"10.1002/14651858.CD002774.pub2"	"Heparin for prolonging peripheral intravenous catheter use in neonates"	2005
"children"	"10.1002/14651858.CD004231.pub2"	"Inhaled corticosteroids for non‐specific chronic cough in children"	2005
"children"	"10.1002/14651858.CD003651.pub2"	"Vaginal disinfection for preventing mother‐to‐child transmission of HIV infection"	2005
"children"	"10.1002/14651858.CD003272.pub2"	"Psychological interventions for children with asthma"	2005
"children_and_adults"	"10.1002/14651858.CD005076.pub2"	"Long‐acting beta2‐agonists as an inhaled corticosteroid‐sparing agent for chronic asthma in adults and children"	2005
"children"	"10.1002/14651858.CD004618.pub2"	"Topical antibiotics without steroids for chronically discharging ears with underlying eardrum perforations"	2005
"children"	"10.1002/14651858.CD004300.pub2"	"Topical Vitamin A, or its derivatives, for treating and preventing napkin dermatitis in infants"	2005
"children_and_adults"	"10.1002/14651858.CD003497.pub2"	"Combined vitamin B6‐magnesium treatment in autism spectrum disorder"	2005
"children"	"10.1002/14651858.CD004274.pub4"	"Interactive Health Communication Applications for people with chronic disease"	2005
"children"	"10.1002/14651858.CD004593.pub2"	"Continuous infusion versus intermittent flushing to prevent loss of function of peripheral intravenous catheters used for drug administration in newborn infants"	2005
"children"	"10.1002/14651858.CD001479.pub3"	"Vitamin A for treating measles in children"	2005
"children"	"10.1002/14651858.CD004093.pub2"	"Surgical treatment for the thumb‐in‐palm deformity in patients with cerebral palsy"	2005
"children_and_adults"	"10.1002/14651858.CD000386.pub2"	"Chloroquine or amodiaquine combined with sulfadoxine‐pyrimethamine for treating uncomplicated malaria"	2005
"children"	"10.1002/14651858.CD004531.pub2"	"Artesunate plus mefloquine versus mefloquine for treating uncomplicated malaria"	2005
"children"	"10.1002/14651858.CD005479"	"Efficacy and safety of cesarean delivery for prevention of mother‐to‐child transmission of HIV‐1"	2005
"children"	"10.1002/14651858.CD004498.pub2"	"Multiple versus single lumen umbilical venous catheters for newborn infants"	2005
"children"	"10.1002/14651858.CD004337.pub2"	"Fluid restriction for term infants with hypoxic‐ischaemic encephalopathy following perinatal asphyxia"	2005
"children"	"10.1002/14651858.CD003700.pub2"	"Vitamin A for non‐measles pneumonia in children"	2005
"children_and_adults"	"10.1002/14651858.CD001439.pub2"	"Antibiotics versus placebo for prevention of postoperative infection after appendicectomy."	2005
"children"	"10.1002/14651858.CD001279.pub2"	"Anticholinergic drugs for wheeze in children under the age of two years"	2005
"children"	"10.1002/14651858.CD003937.pub2"	"Herbal medicines for treating HIV infection and AIDS"	2005
"children"	"10.1002/14651858.CD004501.pub2"	"Antibiotic regimens for suspected late onset sepsis in newborn infants"	2005
"children"	"10.1002/14651858.CD004139.pub2"	"Colony‐stimulating factors for prevention of myelosuppressive therapy‐induced febrile neutropenia in children with acute lymphoblastic leukaemia"	2005
"children"	"10.1002/14651858.CD005373"	"Inhaled beta2‐agonists for non‐specific chronic cough in children"	2005
"children_and_adults"	"10.1002/14651858.CD001002.pub2"	"Manual therapy for asthma"	2005
"children"	"10.1002/14651858.CD005310.pub2"	"Methylxanthines for prolonged non‐specific cough in children"	2005
"children"	"10.1002/14651858.CD002273.pub3"	"Air versus oxygen for resuscitation of infants at birth"	2005
"children"	"10.1002/14651858.CD002773.pub2"	"Neuromuscular paralysis for newborn infants receiving mechanical ventilation"	2005
"children"	"10.1002/14651858.CD002828.pub2"	"Corticosteroids for myasthenia gravis"	2005
"children"	"10.1002/14651858.CD003235.pub2"	"Emergency interventions for hyperkalaemia"	2005
"children"	"10.1002/14651858.CD001276.pub2"	"Intravenous aminophylline for acute severe asthma in children over two years receiving inhaled bronchodilators"	2005
"children_and_adults"	"10.1002/14651858.CD000089.pub2"	"Family therapy for asthma in children"	2005
"children"	"10.1002/14651858.CD003215.pub2"	"Base administration or fluid bolus for preventing morbidity and mortality in preterm infants with metabolic acidosis"	2005
"children"	"10.1002/14651858.CD004211.pub2"	"Clinical decision support systems for neonatal care"	2005
"children"	"10.1002/14651858.CD000297.pub2"	"Cyclosporine for induction of remission in Crohn's disease"	2005
"children"	"10.1002/14651858.CD005256"	"Early introduction of lipids to parenterally‐fed preterm infants"	2005
"children"	"10.1002/14651858.CD005042.pub2"	"Family therapy for attention‐deficit disorder or attention‐deficit/hyperactivity disorder in children and adolescents"	2005
"children"	"10.1002/14651858.CD000196.pub2"	"Corticosteroids for acute traumatic brain injury"	2005
"children_and_adults"	"10.1002/14651858.CD002738.pub2"	"Beclomethasone versus placebo for chronic asthma"	2005
"children"	"10.1002/14651858.CD003816.pub2"	"'Human' insulin versus animal insulin in people with diabetes mellitus"	2005
"children"	"10.1002/14651858.CD001093.pub2"	"Polysaccharide vaccines for preventing serogroup A meningococcal meningitis"	2005
"children"	"10.1002/14651858.CD004342.pub2"	"Thrombolytic agents for arterial and venous thromboses in neonates"	2005
"children"	"10.1002/14651858.CD001497.pub2"	"Interventions for preventing tobacco sales to minors"	2005
"children"	"10.1002/14651858.CD004502.pub2"	"Audio recordings of consultations with doctors for parents of critically sick babies"	2005
"children"	"10.1002/14651858.CD003848.pub2"	"Replacement of estrogens and progestins to prevent morbidity and mortality in preterm infants"	2004
"children"	"10.1002/14651858.CD004495.pub2"	"Antibiotic regimens for suspected early neonatal sepsis"	2004
"children"	"10.1002/14651858.CD003957.pub2"	"Prophylactic versus selective antibiotics for term newborn infants of mothers with risk factors for neonatal infection"	2004
"children"	"10.1002/14651858.CD004722.pub2"	"Transdermal nicotine for induction of remission in ulcerative colitis"	2004
"children_and_adults"	"10.1002/14651858.CD004387.pub2"	"Chlorproguanil‐dapsone for treating uncomplicated malaria"	2004
"children"	"10.1002/14651858.CD003904.pub2"	"Exercise for people with peripheral neuropathy"	2004
"children_and_adults"	"10.1002/14651858.CD004391.pub2"	"Intramuscular arteether for treating severe malaria"	2004
"children"	"10.1002/14651858.CD000074.pub2"	"Doxapram treatment for apnea in preterm infants"	2004
"children_and_adults"	"10.1002/14651858.CD003341.pub2"	"High first dose quinine regimen for treating severe malaria"	2004
"children"	"10.1002/14651858.CD003470.pub2"	"Pharmacotherapy for patellofemoral pain syndrome"	2004
"children"	"10.1002/14651858.CD004217.pub2"	"Pain relief for neonatal circumcision"	2004
"children"	"10.1002/14651858.CD004208.pub2"	"Albumin infusion for low serum albumin in preterm newborn infants"	2004
"children"	"10.1002/14651858.CD004220.pub2"	"Thyroid hormone supplementation for the prevention of morbidity and mortality in infants undergoing cardiac surgery"	2004
"children_and_adults"	"10.1002/14651858.CD003996.pub2"	"Antibiotic prophylaxis in clean and clean‐contaminated ear surgery"	2004
"children"	"10.1002/14651858.CD001057.pub2"	"Topical umbilical cord care at birth"	2004
"children_and_adults"	"10.1002/14651858.CD004574.pub2"	"Interventions for treating mallet finger injuries"	2004
"children"	"10.1002/14651858.CD004218.pub2"	"Anticonvulsants for neonates with seizures"	2004
"children"	"10.1002/14651858.CD003667.pub2"	"Intramuscular penicillin for the prevention of early onset group B streptococcal infection in newborn infants"	2004
"children"	"10.1002/14651858.CD003538.pub2"	"Selenium supplementation for asthma"	2004
"children"	"10.1002/14651858.CD003466.pub2"	"Speech and language therapy to improve the communication skills of children with cerebral palsy"	2004
"children_and_adults"	"10.1002/14651858.CD004109.pub2"	"High dose versus low dose inhaled corticosteroid as initial starting dose for asthma in adults and children"	2004
"children"	"10.1002/14651858.CD002055.pub2"	"Early volume expansion for prevention of morbidity and mortality in very preterm infants"	2004
"children"	"10.1002/14651858.CD000390.pub2"	"Massage for promoting growth and development of preterm and/or low birth‐weight infants"	2004
"children"	"10.1002/14651858.CD004335.pub2"	"Community‐based interventions for the prevention of burns and scalds in children"	2004
"children"	"10.1002/14651858.CD004166.pub2"	"Interventions for acute auricular haematoma"	2004
"children"	"10.1002/14651858.CD004668"	"Complex behavioural and educational interventions for nocturnal enuresis in children"	2004
"children"	"10.1002/14651858.CD003958.pub2"	"Adrenaline for prevention of morbidity and mortality in preterm infants with cardiovascular compromise"	2004
"children"	"10.1002/14651858.CD002780.pub2"	"One topical fluoride (toothpastes, or mouthrinses, or gels, or varnishes) versus another for preventing dental caries in children and adolescents"	2004
"children"	"10.1002/14651858.CD001384.pub2"	"Ketotifen alone or as additional medication for long‐term control of asthma and wheeze in children"	2004
"children"	"10.1002/14651858.CD002781.pub2"	"Combinations of topical fluoride (toothpastes, mouthrinses, gels, varnishes) versus single topical fluoride for preventing dental caries in children and adolescents"	2004
"children"	"10.1002/14651858.CD003955.pub2"	"Naloxone for preventing morbidity and mortality in newborn infants of greater than 34 weeks' gestation with suspected perinatal asphyxia"	2004
"children"	"10.1002/14651858.CD003885.pub2"	"Pneumococcal vaccines for sickle cell disease"	2004
"children_and_adults"	"10.1002/14651858.CD003683.pub2"	"Exercise to improve self‐esteem in children and young people"	2004
"children_and_adults"	"10.1002/14651858.CD002848.pub2"	"Rotavirus vaccine for preventing diarrhoea"	2004
"children"	"10.1002/14651858.CD003133.pub2"	"Addition of anti‐leukotriene agents to inhaled corticosteroids for chronic asthma"	2004
"children"	"10.1002/14651858.CD003954.pub2"	"Diazepam for treating tetanus"	2004
"children"	"10.1002/14651858.CD004436.pub2"	"Inhaled cromones for prolonged non‐specific cough in children"	2004
"children"	"10.1002/14651858.CD003764.pub2"	"Antibiotics for preventing infection in open limb fractures"	2004
"children"	"10.1002/14651858.CD003665"	"Vitamin E supplementation for prevention of morbidity and mortality in preterm infants"	2003
"children"	"10.1002/14651858.CD004503.pub2"	"Long versus short inspiratory times in neonates receiving mechanical ventilation"	2003
"children"	"10.1002/14651858.CD004000"	"Intravenous immunoglobulin for the treatment of Kawasaki disease in children"	2003
"children"	"10.1002/14651858.CD004511"	"Interventions for improving communication with children and adolescents about a family member's cancer"	2003
"children"	"10.1002/14651858.CD003485"	"Steroid therapy for meconium aspiration syndrome in newborn infants"	2003
"children"	"10.1002/14651858.CD003716"	"Written and verbal information versus verbal information only for patients being discharged from acute hospital settings to home"	2003
"children"	"10.1002/14651858.CD004497.pub2"	"Carnitine supplementation for preterm infants with recurrent apnoea"	2003
"children"	"10.1002/14651858.CD000435"	"Radiant warmers versus incubators for regulating body temperature in newborn infants"	2003
"children"	"10.1002/14651858.CD004358.pub2"	"Anticholinergics for prolonged non‐specific cough in children"	2003
"children"	"10.1002/14651858.CD003744"	"Erythromycin for the prevention of chronic lung disease in intubated preterm infants at risk for, or colonized or infected with Ureaplasma urealyticum"	2003
"children"	"10.1002/14651858.CD003312"	"Selenium supplementation to prevent short‐term morbidity in preterm neonates"	2003
"children"	"10.1002/14651858.CD002782"	"Topical fluoride (toothpastes, mouthrinses, gels or varnishes) for preventing dental caries in children and adolescents"	2003
"children_and_adults"	"10.1002/14651858.CD002307"	"Mast‐cell stabilising agents to prevent exercise‐induced bronchoconstriction"	2003
"children"	"10.1002/14651858.CD004110"	"Speech and language therapy interventions for children with primary speech and language delay or disorder"	2003
"children"	"10.1002/14651858.CD003846"	"Early intravenous nutrition for the prevention of neonatal jaundice"	2003
"children"	"10.1002/14651858.CD003066"	"G‐CSF and GM‐CSF for treating or preventing neonatal infections"	2003
"children"	"10.1002/14651858.CD003570"	"Intranasal corticosteroids for asthma control in people with coexisting asthma and rhinitis"	2003
"children"	"10.1002/14651858.CD004341.pub2"	"Positive end‐expiratory pressure for resuscitation of newborn infants at birth"	2003
"children"	"10.1002/14651858.CD000008.pub2"	"Acupuncture for chronic asthma"	2003
"children"	"10.1002/14651858.CD001242"	"Dopamine versus dobutamine for hypotensive preterm infants"	2003
"children_and_adults"	"10.1002/14651858.CD004443"	"Naloxone for shock"	2003
"children"	"10.1002/14651858.CD003535"	"Anticholinergic therapy for chronic asthma in children over two years of age"	2003
"children"	"10.1002/14651858.CD003482"	"Supplemental oxygen for the treatment of prethreshold retinopathy of prematurity"	2003
"children"	"10.1002/14651858.CD004264"	"Physical methods versus drug placebo or no treatment for managing fever in children"	2003
"children"	"10.1002/14651858.CD003286"	"Specialist nurses in diabetes mellitus"	2003
"children_and_adults"	"10.1002/14651858.CD001474"	"Iron‐chelating agents for treating malaria"	2003
"children_and_adults"	"10.1002/14651858.CD002179"	"Oxatomide for stable asthma in adults and children"	2003
"children_and_adults"	"10.1002/14651858.CD004674.pub2"	"Calorie controlled diet for chronic asthma"	2003
"children"	"10.1002/14651858.CD003670"	"Gowning by attendants and visitors in newborn nurseries for prevention of neonatal morbidity and mortality"	2003
"children"	"10.1002/14651858.CD002886"	"Corticosteroids for hospitalised children with acute asthma"	2003
"children"	"10.1002/14651858.CD000148"	"Maternal nutrient supplementation for suspected impaired fetal growth"	2003
"children"	"10.1002/14651858.CD003966"	"Short versus standard duration oral antibiotic therapy for acute urinary tract infection in children"	2003
"children"	"10.1002/14651858.CD003745"	"Indomethacin for asymptomatic patent ductus arteriosus in preterm infants"	2003
"children"	"10.1002/14651858.CD001144"	"Moderately early (7‐14 days) postnatal corticosteroids for preventing chronic lung disease in preterm infants"	2003
"children"	"10.1002/14651858.CD002278"	"Fluoride toothpastes for preventing dental caries in children and adolescents"	2003
"children"	"10.1002/14651858.CD003572"	"Short acting beta2‐agonists for bronchiectasis"	2003
"children"	"10.1002/14651858.CD001285"	"Inhaled short acting beta2‐agonist use in chronic asthma: regular versus as needed treatment"	2003
"children"	"10.1002/14651858.CD004207"	"Metalloporphyrins for treatment of unconjugated hyperbilirubinemia in neonates"	2003
"children"	"10.1002/14651858.CD002275"	"Plasma exchange for generalised myasthenia gravis"	2002
"children"	"10.1002/14651858.CD002770"	"Mechanical ventilation for newborn infants with respiratory failure due to pulmonary disease"	2002
"children"	"10.1002/14651858.CD000326"	"Educational interventions for asthma in children"	2002
"children"	"10.1002/14651858.CD001900"	"Remacemide for drug‐resistant localization related epilepsy"	2002
"children"	"10.1002/14651858.CD003204"	"Iodised salt for preventing iodine deficiency disorders"	2002
"children"	"10.1002/14651858.CD003849"	"Epinephrine for the resuscitation of apparently stillborn or extremely bradycardic newborn infants"	2002
"children"	"10.1002/14651858.CD003484"	"Dopamine for prevention of morbidity and mortality in term newborn infants with suspected perinatal asphyxia"	2002
"children_and_adults"	"10.1002/14651858.CD003901"	"Regular treatment with long acting beta agonists versus daily regular treatment with short acting beta agonists in adults and children with stable asthma"	2002
"children"	"10.1002/14651858.CD003671"	"Ward reduction without general anaesthesia versus reduction and repair under general anaesthesia for gastroschisis in newborn infants"	2002
"children"	"10.1002/14651858.CD002227"	"Penicillin for secondary prevention of rheumatic fever"	2002
"children_and_adults"	"10.1002/14651858.CD003326"	"Tissue adhesives for traumatic lacerations in children and adults"	2002
"children"	"10.1002/14651858.CD003213"	"Dopamine versus no treatment to prevent renal dysfunction in indomethacin‐treated preterm newborn infants"	2002
"children_and_adults"	"10.1002/14651858.CD002158"	"Pressurised metered dose inhalers versus all other hand‐held inhaler devices to deliver beta‐2 agonist bronchodilators for non‐acute asthma"	2002
"children"	"10.1002/14651858.CD000373"	"Kinesthetic stimulation for preventing apnea in preterm infants"	2002
"children"	"10.1002/14651858.CD002973"	"Tracheal gas insufflation for the prevention of morbidity and mortality in mechanically ventilated newborn infants"	2002
"children"	"10.1002/14651858.CD002873"	"Short acting beta2‐agonists for recurrent wheeze in children under two years of age"	2002
"children"	"10.1002/14651858.CD000283"	"Chest physiotherapy for preventing morbidity in babies being extubated from mechanical ventilation"	2002
"children"	"10.1002/14651858.CD003042.pub2"	"Mediastinal chest drain clearance for cardiac surgery"	2002
"children"	"10.1002/14651858.CD002891"	"Interventions for preventing eating disorders in children and adolescents"	2002
"children"	"10.1002/14651858.CD001531"	"Safety education of pedestrians for injury prevention"	2002
"children"	"10.1002/14651858.CD003676"	"Paracetamol versus placebo or physical methods for treating fever in children"	2002
"children"	"10.1002/14651858.CD002165"	"Pneumococcal vaccine for asthma"	2002
"children"	"10.1002/14651858.CD000102"	"Interventions for reducing the risk of mother‐to‐child transmission of HIV infection"	2002
"children"	"10.1002/14651858.CD001074"	"Servo‐control for maintaining abdominal skin temperature at 36C in low birth weight infants"	2002
"children"	"10.1002/14651858.CD002272"	"Nasal intermittent positive pressure ventilation (NIPPV) versus nasal continuous positive airway pressure (NCPAP) for apnea of prematurity"	2002
"children"	"10.1002/14651858.CD000506"	"Nebulized racemic epinephrine for extubation of newborn infants"	2002
"children"	"10.1002/14651858.CD002976"	"Rapid correction of early metabolic acidaemia in comparison with placebo, no intervention or slow correction in LBW infants"	2002
"children"	"10.1002/14651858.CD002847"	"Reduced osmolarity oral rehydration solution for treating dehydration caused by acute diarrhoea in children"	2002
"children_and_adults"	"10.1002/14651858.CD001183"	"Nedocromil sodium for preventing exercise‐induced bronchoconstriction"	2002
"children"	"10.1002/14651858.CD002123"	"Transcutaneous electrical nerve stimulation for primary dysmenorrhoea"	2002
"children_and_adults"	"10.1002/14651858.CD003530"	"Beclomethasone versus budesonide for chronic asthma"	2002
"children"	"10.1002/14651858.CD003183"	"Medicinal herbs for hepatitis C virus infection"	2001
"children"	"10.1002/14651858.CD001078"	"Extubation from low‐rate intermittent positive airway pressure versus extubation after a trial of endotracheal continuous positive airway pressure in intubated preterm infants"	2001
"children"	"10.1002/14651858.CD001076"	"Early versus late discontinuation of oxygen in preterm or low birth weight infants"	2001
"children"	"10.1002/14651858.CD001075"	"Gradual versus abrupt discontinuation of oxygen in preterm or low birth weight infants"	2001
"children"	"10.1002/14651858.CD002155"	"Long‐acting beta2‐agonists for bronchiectasis"	2001
"children"	"10.1002/14651858.CD000460"	"Tartrazine exclusion for allergic asthma"	2001
"children"	"10.1002/14651858.CD000308"	"Intravenous dexamethasone for extubation of newborn infants"	2001
"children"	"10.1002/14651858.CD000048"	"Prophylactic caffeine to prevent postoperative apnoea following general anaesthesia in preterm infants"	2001
"children"	"10.1002/14651858.CD001070"	"Thyroid hormones for preventing neurodevelopmental impairment in preterm infants"	2001
"children_and_adults"	"10.1002/14651858.CD003201"	"School‐based driver education for the prevention of traffic crashes"	2001
"children"	"10.1002/14651858.CD002040"	"Stimulant laxatives for constipation and soiling in children"	2001
"children"	"10.1002/14651858.CD002775"	"Alpha‐1 proteinase inhibitor (a1PI) for preventing chronic lung disease in preterm infants"	2001
"children"	"10.1002/14651858.CD001148"	"Furosemide for prevention of morbidity in indomethacin‐treated infants with patent ductus arteriosus"	2001
"children"	"10.1002/14651858.CD002270"	"Diuretic therapy for newborn infants with posthemorrhagic ventricular dilatation"	2001
"children"	"10.1002/14651858.CD002246"	"Interventions for promoting smoke alarm ownership and function"	2001
"children"	"10.1002/14651858.CD002162"	"Oral corticosteroids for bronchiectasis (stable and acute exacerbations)"	2001
"children"	"10.1002/14651858.CD001741"	"Speleotherapy for asthma"	2001
"children"	"10.1002/14651858.CD002061"	"Permissive hypercapnia for the prevention of morbidity and mortality in mechanically ventilated newborn infants"	2001
"children"	"10.1002/14651858.CD002056"	"Early volume expansion versus inotrope for prevention of morbidity and mortality in very preterm infants"	2001
"children"	"10.1002/14651858.CD003015"	"Family and parenting interventions in children and adolescents with conduct disorder and delinquency aged 10‐17"	2001
"children"	"10.1002/14651858.CD001738"	"Antibiotic prophylaxis for mammalian bites"	2001
"children"	"10.1002/14651858.CD002163"	"Anticholinergic therapy for bronchiectasis"	2001
"children"	"10.1002/14651858.CD002231"	"Chinese medicinal herbs for asymptomatic carriers of hepatitis B virus infection"	2001
"children"	"10.1002/14651858.CD000427"	"Preoxygenation for tracheal suctioning in intubated, ventilated newborn infants"	2001
"children"	"10.1002/14651858.CD001968"	"Superoxide dismutase for preventing chronic lung disease in mechanically ventilated preterm infants"	2001
"children"	"10.1002/14651858.CD000405"	"Enteral antibiotics for preventing necrotizing enterocolitis in low birthweight or preterm infants"	2001
"children"	"10.1002/14651858.CD002988"	"Intravenous beta2‐agonists for acute asthma in the emergency department"	2001
"children"	"10.1002/14651858.CD002875"	"Lifestyle modification for obstructive sleep apnoea"	2001
"children"	"10.1002/14651858.CD000500"	"Endotracheal intubation at birth for preventing morbidity and mortality in vigorous, meconium‐stained infants born at term"	2001
"children"	"10.1002/14651858.CD002060"	"Fibreoptic phototherapy for neonatal jaundice"	2001
"children_and_adults"	"10.1002/14651858.CD002178"	"Early emergency department treatment of acute asthma with systemic corticosteroids"	2001
"children_and_adults"	"10.1002/14651858.CD002989"	"Pet allergen control measures for allergic asthma in children and adults"	2001
"children"	"10.1002/14651858.CD000075"	"Doxapram versus methylxanthine for apnea in preterm infants"	2000
"children"	"10.1002/14651858.CD002154"	"Feather versus non‐feather bedding for asthma"	2000
"children"	"10.1002/14651858.CD001940"	"Chinese medicinal herbs for chronic hepatitis B"	2000
"children"	"10.1002/14651858.CD001695"	"Late versus early surgical correction for congenital diaphragmatic hernia in newborn infants"	2000
"children_and_adults"	"10.1002/14651858.CD001283"	"Dietary marine fatty acids (fish oil) for asthma in adults and children"	2000
"children"	"10.1002/14651858.CD002776"	"Prophylactic vitamin K for vitamin K deficiency bleeding in neonates"	2000
"children"	"10.1002/14651858.CD000950"	"Carnitine supplementation of parenterally fed neonates"	2000
"children_and_adults"	"10.1002/14651858.CD002242"	"Antibiotic treatment for travellers' diarrhoea"	2000
"children"	"10.1002/14651858.CD001966"	"Prophylactic doxapram for the prevention of morbidity and mortality in preterm infants undergoing endotracheal extubation"	2000
"children"	"10.1002/14651858.CD002731"	"Nedocromil sodium versus sodium cromoglycate for preventing exercise‐induced bronchoconstriction"	2000
"children_and_adults"	"10.1002/14651858.CD001030"	"Carbamazepine versus valproate monotherapy for epilepsy"	2000
"children"	"10.1002/14651858.CD001131"	"Pharmacological interventions for spasticity following spinal cord injury"	2000
"children"	"10.1002/14651858.CD000966"	"Newer atypical antipsychotic medication versus clozapine for schizophrenia"	2000
"children_and_adults"	"10.1002/14651858.CD003271"	"Budesonide at different doses for chronic asthma"	2000
"children"	"10.1002/14651858.CD001163"	"Seclusion and restraint for people with serious mental illnesses"	2000
"children"	"10.1002/14651858.CD001913"	"Neonatal screening for sickle cell disease"	2000
"children_and_adults"	"10.1002/14651858.CD001490"	"Magnesium sulfate for treating exacerbations of acute asthma in the emergency department"	2000
"children"	"10.1002/14651858.CD001107"	"Inhaled steroids for episodic viral wheeze of childhood"	2000
"children"	"10.1002/14651858.CD001971"	"Vancomycin for prophylaxis against sepsis in preterm neonates"	2000
"children"	"10.1002/14651858.CD002879"	"Beclomethasone at different doses for chronic asthma"	1999
"children"	"10.1002/14651858.CD001874"	"Perioperative local anaesthesia for reducing pain following tonsillectomy"	1999
"children"	"10.1002/14651858.CD001855"	"Helmets for preventing head and facial injuries in bicyclists"	1999
"children_and_adults"	"10.1002/14651858.CD003274"	"Budesonide versus placebo for chronic asthma in children and adults"	1999
"children_and_adults"	"10.1002/14651858.CD001475"	"Blood transfusion for treating malarial anaemia"	1999
"children"	"10.1002/14651858.CD001693"	"Peripheral retinal ablation for threshold retinopathy of prematurity in preterm infants"	1999
"children"	"10.1002/14651858.CD001282"	"Beclomethasone for asthma in children: effects on linear growth"	1999
"children"	"10.1002/14651858.CD000972"	"Steroids for treating cerebral malaria"	1999
"children_and_adults"	"10.1002/14651858.CD000256"	"Artemisinin derivatives for treating uncomplicated malaria"	1999
"children"	"10.1002/14651858.CD000948"	"Nasal versus oral intubation for mechanical ventilation of newborn infants"	1999
"children"	"10.1002/14651858.CD000499"	"Kinesthetic stimulation for treating apnea in preterm infants"	1999
"children"	"10.1002/14651858.CD000508"	"Umbilical artery catheters in the newborn: effects of catheter design (end vs. side hole)"	1999
"children"	"10.1002/14651858.CD000505"	"Umbilical artery catheters in the newborn: effects of position of the catheter tip"	1999
"children"	"10.1002/14651858.CD000507"	"Umbilical artery catheters in the newborn: effects of heparin"	1999
"children"	"10.1002/14651858.CD000949"	"Umbilical artery catheters in the newborn: effects of catheter materials"	1999
"children_and_adults"	"10.1002/14651858.CD000527"	"Artemisinin derivatives for treating severe malaria"	1998
"children"	"10.1002/14651858.CD001149"	"Synthetic surfactant for respiratory distress syndrome in preterm infants"	1998
"children"	"10.1002/14651858.CD000438"	"Rescue high frequency oscillatory ventilation versus conventional ventilation for pulmonary dysfunction in preterm infants"	1998
"children"	"10.1002/14651858.CD000502"	"Kinesthetic stimulation versus methylxanthine for apnea in preterm infants"	1998
"children"	"10.1002/14651858.CD000328"	"Elective high frequency jet ventilation versus conventional ventilation for respiratory distress syndrome in preterm infants"	1998
"children_and_adults"	"10.1002/14651858.CD000975.pub2"	"Vaccines for preventing anthrax"	1998
"children"	"10.1002/14651858.CD001047"	"Pool fencing for preventing drowning of children"	1998
"children"	"10.1002/14651858.CD000976"	"Vaccines for preventing plague"	1998
"children"	"10.1002/14651858.CD000511"	"Prophylactic animal derived surfactant extract for preventing morbidity and mortality in preterm infants"	1997
"children"	"10.1002/14651858.CD000566"	"Hyperventilation therapy for acute traumatic brain injury"	1997
